Common Name,Scientific Name,ca native
Okra,Abelmoschus esculentus,FALSE
red sand verbena,Abronia maritima,TRUE
pink sand verbena,Abronia umbellata,TRUE
desert sand verbena,Abronia villosa,TRUE
velvetleaf,Abutilon theophrasti,FALSE
cootamundra wattle,Acacia baileyana,FALSE
Silver Wattle Acacia,Acacia dealbata,FALSE
green wattle,Acacia decurrens,FALSE
Gum Acacia,Acacia farnesiana,FALSE
Sydney golden wattle,Acacia longifolia,FALSE
Australian Blackwood,Acacia melanoxylon,FALSE
California copperleaf,Acalypha californica,TRUE
Pineapple Guava,Acca sellowiana,FALSE
bigleaf maple,Acer macrophyllum,TRUE
common yarrow,Achillea millefolium,TRUE
Dwarf Yarrow,Achillea tomentosa,FALSE
giant ricegrass,Achnatherum coronatum,FALSE
sacapellote,Acourtia microcephala,TRUE
desertpeony,Acourtia nana,FALSE
hardheads,Acroptilon repens,FALSE
Silver Broom,Adenocarpus decorticans,FALSE
chamise,Adenostoma fasciculatum,TRUE
Urn Plant,Aechmea fasciata,FALSE
California Buckeye,Aesculus californica ,FALSE
Century Plant,Agave parryi,FALSE
Rough Agave,Agave scabra (Agave asperrima),FALSE
Chinese Evergreen,Aglaonema crispum,FALSE
southern mule-ears,Agnorhiza ovata,FALSE
bigflower agoseris,Agoseris grandiflora,TRUE
creeping bentgrass,Agrostis stolonifera,FALSE
tree of heaven,Ailanthus altissima,FALSE
White Sirus (Maharuk),Ailanthus triphysa,FALSE
Alder,Alder oregona,FALSE
camelthorn,Alhagi maurorum,FALSE
Golden Trumpet Vine,Allamanda cathartica,FALSE
fringed onion,Allium fimbriatum,TRUE
redskin onion,Allium haematochiton,TRUE
Golden Garlic,Allium moly,FALSE
San Bernardino Mountain onion,Allium monticola,TRUE
Mexicali onion,Allium peninsulare,TRUE
early onion,Allium praecox,TRUE
Garlic Chives,Allium tuberosum,FALSE
sticky false gilyflower,Allophyllum glutinosum,TRUE
white alder,Alnus rhombifolia,TRUE
Giant Elephant Ear,Alocasia macrorrhiza,FALSE
Aloe vera,Aloe vera,FALSE
Sissoo Spinach,Alternanthera sissoo,FALSE
prostrate pigweed,Amaranthus albus,FALSE
mat amaranth,Amaranthus blitoides,TRUE
largefruit amaranth,Amaranthus deflexus,FALSE
slim amaranth,Amaranthus hybridus,FALSE
carelessweed,Amaranthus palmeri,TRUE
redroot amaranth,Amaranthus retroflexus,FALSE
dwarf coastweed,Amblyopappus pusillus,TRUE
flatspine bur ragweed,Ambrosia acanthicarpa,TRUE
silver bur ragweed,Ambrosia chamissonis,TRUE
Peruvian Ragweed,Ambrosia peruviana,FALSE
Cuman ragweed,Ambrosia psilostachya,TRUE
great ragweed,Ambrosia trifida,FALSE
great ragweed,Ambrosia trifida var. trifida,FALSE
valley redstem,Ammannia coccinea,TRUE
grand redstem,Ammannia robusta,TRUE
toothpickweed,Ammi visnaga,FALSE
California false indigo,Amorpha californica,TRUE
false indigo bush,Amorpha fruticosa,TRUE
Elephant Foot Yam,Amorphophallus paeoniifolius,FALSE
Douglas' fiddleneck,Amsinckia douglasiana,TRUE
Menzies' fiddleneck,Amsinckia menziesii,TRUE
common fiddleneck,Amsinckia menziesii var. intermedia,FALSE
Menzies' fiddleneck,Amsinckia menziesii var. menziesii,FALSE
Cashew,Anacardium occidentale,FALSE
scarlet pimpernel,Anagallis arvensis,FALSE
scarlet pimpernel,Anagallis arvensis ssp. arvensis,FALSE
Stinking Bean Trefoil,Anagyris foetida,FALSE
western pearly everlasting,Anaphalis margaritacea,TRUE
yerba mansa,Anemopsis californica,TRUE
Cherimoya,Annona cherimola,FALSE
Soursop,Annona muricata,FALSE
Large-Leaved Pussytoes,Antennaria plantaginifolia,FALSE
stinking chamomile,Anthemis cotula,FALSE
Monkey Comb,Apeiba tibourbou,FALSE
field parsley piert,Aphanes arvensis,FALSE
San Diego coastalcreeper,Aphanisma blitoides,TRUE
mock parsley,Apiastrum angustifolium,TRUE
wild celery,Apium graveolens,FALSE
wild celery,Apium graveolens var. dulce,FALSE
Indianhemp,Apocynum cannabinum,TRUE
tower rockcress,Arabis glabra,FALSE
sicklepod rockcress,Arabis sparsiflora,FALSE
California rockcress,Arabis sparsiflora var. californica,FALSE
Peanut,Arachis hypogaea,FALSE
Perennial Peanut,Arachis Pintoi,FALSE
California spikenard,Aralia californica,TRUE
Bunya Pine,Araucaria bidwillii,FALSE
Norfolk Island pine,Araucaria heterophylla,FALSE
white bladderflower,Araujia sericifera,FALSE
Pacific madrone,Arbutus menziesii,TRUE
greater burdock,Arctium lappa,FALSE
Dwarf Coastal Manzanita,Arctostaphylos edmundsii,TRUE
Eastwood's manzanita,Arctostaphylos glandulosa,TRUE
Zaca manzanita,Arctostaphylos glandulosa ssp. zacaensis,FALSE
bigberry manzanita,Arctostaphylos glauca,TRUE
Pringle manzanita,Arctostaphylos pringlei,TRUE
pinkbracted manzanita,Arctostaphylos pringlei ssp. drupacea,TRUE
Woollyleaf Manzanita,Arctostaphylos tomentosa,TRUE
Mexican Poppy,Argemone mexicana,FALSE
flatbud pricklypoppy,Argemone munita,TRUE
flatbud pricklypoppy,Argemone munita ssp. robusta,FALSE
silverweed cinquefoil,Argentina anserina,FALSE
Pacific silverweed,Argentina egedii,FALSE
Pacific silverweed,Argentina egedii ssp. egedii,FALSE
sixweeks threeawn,Aristida adscensionis,TRUE
purple threeawn,Aristida purpurea,TRUE
Parish's threeawn,Aristida purpurea var. parishii,TRUE
spidergrass,Aristida ternipes,TRUE
spidergrass,Aristida ternipes var. gentilis,TRUE
Giant Pelican Flower,Aristolochia gigantea,FALSE
rayless arnica,Arnica discoidea,TRUE
black chokeberry,Aronia malanocarpa,FALSE
oatgrass,Arrhenatherum,FALSE
tall oatgrass,Arrhenatherum elatius,FALSE
tall oatgrass,Arrhenatherum elatius,FALSE
biennial wormwood,Artemisia biennis,FALSE
biennial wormwood,Artemisia biennis var. biennis,FALSE
coastal sagebrush,Artemisia californica,TRUE
Douglas' sagewort,Artemisia douglasiana,TRUE
island sagebrush,Artemisia nesiotica,TRUE
big sagebrush,Artemisia tridentata,TRUE
basin big sagebrush,Artemisia tridentata ssp. tridentata,TRUE
Parish's glasswort,Arthrocnemum subterminale,TRUE
giant reed,Arundo donax,FALSE
milkweed,Asclepias,FALSE
California milkweed,Asclepias californica,TRUE
Tropical Milkweed,Asclepias curassavica,FALSE
woollypod milkweed,Asclepias eriocarpa,TRUE
Mexican whorled milkweed,Asclepias fascicularis,TRUE
Paw Paw,Asimina triloba,FALSE
garden asparagus,Asparagus officinalis,FALSE
California lacefern,Aspidotis californica,TRUE
western spleenwort,Asplenium vespertinum,TRUE
Dwarf Alpine Aster,Aster alpinus,FALSE
San Joaquin milkvetch,Astragalus asymmetricus,TRUE
Braunton's milkvetch,Astragalus brauntonii,TRUE
Groundplum Milkvetch,Astragalus crassicarpus,FALSE
dwarf white milkvetch,Astragalus didymocarpus,TRUE
marsh milkvetch,Astragalus pycnostachyus,TRUE
marsh milkvetch,Astragalus pycnostachyus var. lanosissimus,TRUE
Santa Barbara milkvetch,Astragalus trichopodus,TRUE
Santa Barbara milkvetch,Astragalus trichopodus var. lonchus,TRUE
Santa Barbara milkvetch,Astragalus trichopodus var. phoxus,TRUE
Santa Barbara milkvetch,Astragalus trichopodus var. trichopodus,FALSE
Swamp Saltbush,Atriplex amnicola,FALSE
silverscale saltbush,Atriplex argentea,TRUE
silverscale saltbush,Atriplex argentea ssp. expansa,FALSE
California saltbush,Atriplex californica,FALSE
fourwing saltbush,Atriplex canescens,TRUE
Fourwing Saltbush,Atriplex canescens,TRUE
Coulter's saltbush,Atriplex coulteri,TRUE
waxy saltbush,Atriplex glauca,FALSE
big saltbush,Atriplex lentiformis,TRUE
quailbush,Atriplex lentiformis ssp. breweri,TRUE
big saltbush,Atriplex lentiformis ssp. lentiformis,TRUE
beach saltbush,Atriplex leucophylla,TRUE
Davidson's saltbush,Atriplex pacifica,TRUE
Parish's saltbush,Atriplex parishii,TRUE
triangle orache,Atriplex prostrata,FALSE
tumbling saltweed,Atriplex rosea,FALSE
Australian saltbush,Atriplex semibaccata,FALSE
bractscale,Atriplex serenana,TRUE
Davidson's bractscale,Atriplex serenana var. davidsonii,TRUE
Watson's saltbush,Atriplex watsonii,TRUE
slender oat,Avena barbata,FALSE
wild oat,Avena fatua,FALSE
Neem,Azadirachta indica,FALSE
Pacific mosquitofern,Azolla filiculoides,TRUE
saltmarsh baccharis,Baccharis douglasii,FALSE
Emory's baccharis,Baccharis emoryi,FALSE
coyotebrush,Baccharis pilularis,TRUE
mule-fat,Baccharis salicifolia,TRUE
Barbie Bamboo,Bambusa chungii 'Barbelatta',FALSE
Timor Black Bamboo,Bambusa lako,FALSE
Punting Pole Bamboo,Bambusa tuldoides,FALSE
Buddha's Belly Bamboo,Bambusa tuldoides 'Ventricosa',FALSE
American yellowrocket,Barbarea orthoceras,TRUE
Malabar Spinach,Basella alba,FALSE
fivehorn smotherweed,Bassia hyssopifolia,FALSE
turtleweed,Batis maritima,TRUE
sweetbush,Bebbia juncea,TRUE
sweetbush,Bebbia juncea var. aspera,TRUE
"Begonia, Wax",Begonia semperflorens,FALSE
Oregon Grape,Berberis aquifolium,TRUE
cutleaf waterparsnip,Berula erecta,TRUE
common beet,Beta vulgaris,FALSE
smooth beggartick,Bidens laevis,TRUE
hairy beggarticks,Bidens pilosa,FALSE
Hairy Beggar's Ticks,Bidens pilosa,FALSE
common goldenstar,Bloomeria crocea,TRUE
common goldenstar,Bloomeria crocea var. crocea,TRUE
Parrotweed,Bocconia frutescens,FALSE
Chinese grass,Boehmeria nivea,FALSE
Borage,Borage officilalis,FALSE
cane bluestem,Bothriochloa barbinodis,TRUE
Great Bougainvillea,Bougainvillea spectabilis,FALSE
Side Oats Grama,Bouteloua curtipendula,TRUE
Blue Grama,Bouteloua gracilis,TRUE
hoary bowlesia,Bowlesia incana,TRUE
brown mustard,Brassica juncea,FALSE
black mustard,Brassica nigra,FALSE
field mustard,Brassica rapa,FALSE
field mustard,Brassica rapa var. rapa,FALSE
California brickellbush,Brickellia californica,TRUE
threadleaf brodiaea,Brodiaea filifolia,TRUE
chaparral brodiaea,Brodiaea jolonensis,TRUE
Arizona brome,Bromus arizonicus,TRUE
California brome,Bromus carinatus,TRUE
California brome,Bromus carinatus,TRUE
rescuegrass,Bromus catharticus,FALSE
ripgut brome,Bromus diandrus,FALSE
soft brome,Bromus hordeaceus,FALSE
compact brome,Bromus madritensis,FALSE
red brome,Bromus rubens,FALSE
Paper Mulberry,Broussonetia papyrifera,FALSE
Angel's Trumpet,Brugmansia x candida,FALSE
Buffalograss,Buchloe dactyloides,FALSE
Gumbo Limbo,Bursera simaruba,FALSE
Jelly Palm,Butia capitata,FALSE
Nance,Byrsonima crassifolia,FALSE
Byttneria,Byttneria aculeata,FALSE
Dwarf Ponciana,Caesalpinia pulcherrima,FALSE
Pigeon Pea,Cajanus cajan,FALSE
American searocket,Cakile edentula,FALSE
European searocket,Cakile maritima,FALSE
fire reedgrass,Calamagrostis koelerioides,TRUE
fringed redmaids,Calandrinia ciliata,TRUE
seaside petunia,Calibrachoa parviflora,FALSE
Red Calliandra,Calliandra calothyrsus,FALSE
incense cedar,Calocedrus decurrens,TRUE
white fairy-lantern,Calochortus albus,TRUE
Santa Catalina mariposa lily,Calochortus catalinae,TRUE
plain mariposa lily,Calochortus invenustus,TRUE
Plummer's mariposa lily,Calochortus plummerae,TRUE
splendid mariposa lily,Calochortus splendens,TRUE
Weed's mariposa lily,Calochortus weedii,TRUE
Weed's mariposa lily,Calochortus weedii var. intermedius,TRUE
Weed's mariposa lily,Calochortus weedii var. weedii,TRUE
island false bindweed,Calystegia macrostegia,TRUE
island false bindweed,Calystegia macrostegia ssp. arida,TRUE
island false bindweed,Calystegia macrostegia ssp. cyclostegia,TRUE
island false bindweed,Calystegia macrostegia ssp. intermedia,TRUE
island false bindweed,Calystegia macrostegia ssp. tenuifolia,TRUE
hedge false bindweed,Calystegia sepium,TRUE
hedge false bindweed,Calystegia sepium ssp. limnophila,TRUE
seashore false bindweed,Calystegia soldanella,TRUE
littlepod false flax,Camelina microcarpa,FALSE
southern suncup,Camissonia bistorta,FALSE
yellow cups,Camissonia brevipes,FALSE
California suncup,Camissonia californica,FALSE
Mojave suncup,Camissonia campestris,TRUE
beach suncup,Camissonia cheiranthifolia,FALSE
beach suncup,Camissonia cheiranthifolia ssp. suffruticosa,FALSE
San Bernardino suncup,Camissonia confusa,FALSE
Santa Cruz Island suncup,Camissonia hirtella,FALSE
Jurupa Hills suncup,Camissonia ignota,FALSE
intermediate suncup,Camissonia intermedia,FALSE
Lewis' evening primrose,Camissonia lewisii,FALSE
miniature suncup,Camissonia micrantha,FALSE
sandysoil suncup,Camissonia strigulosa,TRUE
Jack Bean,Canavalia ensiformis,FALSE
Sword Bean,Canavalia gladiata,FALSE
Edible Canna,Canna edulis,FALSE
shepherd's purse,Capsella bursa-pastoris,FALSE
Pepper,Capsicum annuum,FALSE
milkmaids,Cardamine californica,TRUE
milkmaids,Cardamine californica var. californica,FALSE
lenspod whitetop,Cardaria chalepensis,FALSE
whitetop,Cardaria draba,FALSE
hairy whitetop,Cardaria pubescens,FALSE
sandcarpet,Cardionema ramosissimum,TRUE
Italian plumeless thistle,Carduus pycnocephalus,FALSE
winged plumeless thistle,Carduus tenuiflorus,FALSE
Santa Barbara sedge,Carex barbarae,TRUE
Copper-Shouldered Oval Sedge,Carex bicknellii,FALSE
Plains Oval Sedge,Carex brevior,FALSE
clustered field sedge,Carex praegracilis,TRUE
Schott's sedge,Carex schottii,TRUE
triangularfruit sedge,Carex triquetra,TRUE
Chamburro Mountain Papaya,Carica Papaya,FALSE
sea fig,Carpobrotus chilensis,FALSE
hottentot fig,Carpobrotus edulis,FALSE
woolly distaff thistle,Carthamus lanatus,FALSE
woolly distaff thistle,Carthamus lanatus ssp. creticus,FALSE
White Sapote,Casimiroa edulis,FALSE
White Sapote,Casimiroa edulis,FALSE
Golden Shower Tree,Cassia fistula,FALSE
Pink Shower Tree,Cassia grandis,FALSE
American chesnut,Castanea dentata,FALSE
coast Indian paintbrush,Castilleja affinis,TRUE
denseflower Indian paintbrush,Castilleja densiflora,TRUE
denseflower Indian paintbrush,Castilleja densiflora ssp. gracilis,TRUE
exserted Indian paintbrush,Castilleja exserta,TRUE
Texas Indian paintbrush,Castilleja foliolosa,TRUE
lesser Indian paintbrush,Castilleja minor,TRUE
lesser Indian paintbrush,Castilleja minor ssp. spiralis,TRUE
She-oak,Casuarina equisetifolia,FALSE
Periwinkle (Vinca),Catharanthus roseus,FALSE
wild cabbage,Caulanthus,FALSE
claspingleaf wild cabbage,Caulanthus amplexicaulis,TRUE
San Diego wild cabbage,Caulanthus heterophyllus,TRUE
killer alga,Caulerpa taxifolia,FALSE
Catalina Mountain Lilac,Ceanothus arboreus,TRUE
Hoaryleaf Ceanothus,Ceanothus crassifolius,TRUE
buckbrush,Ceanothus cuneatus,TRUE
Cropleaf Ceanothus,Ceanothus divergens,TRUE
Santa Barbara Ceanothus,Ceanothus impressus,TRUE
deerbrush,Ceanothus integerrimus,TRUE
chaparral whitethorn,Ceanothus leucodermis,TRUE
Maritime Ceanothus,Ceanothus maritimus,TRUE
bigpod ceanothus,Ceanothus megacarpus,TRUE
Bigpod Ceanothus,Ceanothus megacarpus,TRUE
Hairy Ceanothus,Ceanothus oliganthus,TRUE
Palmer ceanothus,Ceanothus palmeri,TRUE
wartleaf ceanothus,Ceanothus papillosus,TRUE
wartleaf ceanothus,Ceanothus papillosus var. roweanus,FALSE
Squaw Carpet,Ceanothus prostratus,TRUE
Hollyleaf Ceanothus,Ceanothus purpureus,TRUE
jimbrush,Ceanothus sorediatus,FALSE
redheart,Ceanothus spinosus,TRUE
woolyleaf ceanothus,Ceanothus tomentosus,TRUE
Hackberry,Celtis occidentalis ,FALSE
Chinese hackberry,Celtis sinensis,FALSE
coastal sandbur,Cenchrus spinifex,FALSE
Maltese star-thistle,Centaurea melitensis,FALSE
charming centaury,Centaurium venustum,FALSE
red valerian,Centranthus ruber,FALSE
pappose tarweed,Centromadia parryi,TRUE
pappose tarweed,Centromadia parryi ssp. australis,TRUE
common tarweed,Centromadia pungens,TRUE
common tarweed,Centromadia pungens ssp. laevis,TRUE
sticky chickweed,Cerastium glomeratum,FALSE
Carob,Ceratonia siliqua,FALSE
Carob,Ceratonia siliqua,FALSE
coon's tail,Ceratophyllum demersum,TRUE
Eastern Redbud,Cercis canadensis ,FALSE
alderleaf mountain mahogany,Cercocarpus montanus,FALSE
alderleaf mountain mahogany,Cercocarpus montanus,FALSE
birchleaf mountain mahogany,Cercocarpus montanus var. glaber,FALSE
smooth mountain mahogany,Cercocarpus montanus var. minutiflorus,FALSE
night jessamine,Cestrum nocturnum,FALSE
white pincushion,Chaenactis artemisiifolia,TRUE
yellow pincushion,Chaenactis glabriuscula,TRUE
yellow pincushion,Chaenactis glabriuscula var. glabriuscula,TRUE
yellow pincushion,Chaenactis glabriuscula var. lanosa,TRUE
Orcutt's yellow pincushion,Chaenactis glabriuscula var. orcuttiana,TRUE
"Palm, Parlor",Chamaedorea elegans,FALSE
"Palm, Bamboo",Chamaedorea seifrizii,FALSE
whitemargin sandmat,Chamaesyce albomarginata,FALSE
spotted sandmat,Chamaesyce maculata,FALSE
smallseed sandmat,Chamaesyce polycarpa,FALSE
prostrate sandmat,Chamaesyce prostrata,FALSE
thymeleaf sandmat,Chamaesyce serpyllifolia,FALSE
thymeleaf sandmat,Chamaesyce serpyllifolia ssp. hirtella,FALSE
thymeleaf sandmat,Chamaesyce serpyllifolia ssp. serpyllifolia,FALSE
Newberry's lipfern,Cheilanthes newberryi,FALSE
lambsquarters,Chenopodium album,FALSE
lateflowering goosefoot,Chenopodium album var. striatum,FALSE
pitseed goosefoot,Chenopodium berlandieri,TRUE
California goosefoot,Chenopodium californicum,TRUE
largeseed goosefoot,Chenopodium macrospermum,FALSE
saltloving goosefoot,Chenopodium macrospermum var. halophilum,FALSE
nettleleaf goosefoot,Chenopodium murale,FALSE
Quinoa,Chenopodium quinoa,FALSE
Snowberry,Chiococca alba,FALSE
Rhodes grass,Chloris gayana,FALSE
wavyleaf soap plant,Chlorogalum pomeridianum,TRUE
wavyleaf soap plant,Chlorogalum pomeridianum var. pomeridianum,TRUE
Spider Plant,Chlorophytum comosum,FALSE
crossflower,Chorispora tenella,FALSE
fringed spineflower,Chorizanthe fimbriata,TRUE
fringed spineflower,Chorizanthe fimbriata var. fimbriata,TRUE
Ramona spineflower,Chorizanthe leptotheca,TRUE
San Bernardino spineflower,Chorizanthe parryi,TRUE
San Fernando Valley spineflower,Chorizanthe parryi var. fernandina,TRUE
knotweed spineflower,Chorizanthe polygonoides,TRUE
knotweed spineflower,Chorizanthe polygonoides var. polygonoides,TRUE
prostrate spineflower,Chorizanthe procumbens,TRUE
turkish rugging,Chorizanthe staticoides,TRUE
"Palm, Areca",Chrysalidocarpus lutescens,FALSE
Shasta Daisy,Chrysanthemum x superbum 'Alaska',FALSE
Cocoplum,Chrysobalanus icaco,FALSE
Star Apple,Chrysophyllum cainito,FALSE
Vetiver Grass,Chrysopogon zizanioides,FALSE
Chickpea,Cicer arietinum,FALSE
chicory,Cichorium intybus,FALSE
Chicory,Cichorium intybus,FALSE
western water hemlock,Cicuta douglasii,TRUE
spotted water hemlock,Cicuta maculata,TRUE
spotted water hemlock,Cicuta maculata var. bolanderi,TRUE
spotted water hemlock,Cicuta maculata var. maculata,FALSE
Quinine Tree,Cinchona pubescens,FALSE
Canada thistle,Cirsium arvense,FALSE
clustered thistle,Cirsium brevistylum,TRUE
cobwebby thistle,Cirsium occidentale,TRUE
cobwebby thistle,Cirsium occidentale var. californicum,TRUE
wavyleaf thistle,Cirsium undulatum,TRUE
bull thistle,Cirsium vulgare,FALSE
seaside pussypaws,Cistanthe maritima,TRUE
common pussypaws,Cistanthe monandra,FALSE
Rock rose,Cistus albidus,FALSE
Watermelon,Citrullus lantanus,FALSE
Key Lime,Citrus aurantifolia,FALSE
Mandarin Orange,Citrus reticulata,FALSE
Orange,Citrus sinensis,FALSE
Botta's clarkia,Clarkia bottae,TRUE
canyon clarkia,Clarkia epilobioides,TRUE
winecup clarkia,Clarkia purpurea,TRUE
winecup clarkia,Clarkia purpurea ssp. quadrivulnera,TRUE
diamond clarkia,Clarkia rhomboidea,TRUE
serpentine springbeauty,Claytonia exigua,TRUE
miner's lettuce,Claytonia perfoliata,TRUE
miner's lettuce,Claytonia perfoliata ssp. mexicana,TRUE
pipestem clematis,Clematis lasiantha,TRUE
western white clematis,Clematis ligusticifolia,TRUE
ropevine clematis,Clematis pauciflora,TRUE
Virginsbower Clematis,Clematis virginiana,FALSE
bladderpod spiderflower,Cleome isomeris,FALSE
San Miguel calamint,Clinopodium chandleri,TRUE
Butterfly Pea,Clitoria ternatea,FALSE
bush rue,Cneoridium dumosum,TRUE
Chaya,Cnidoscolus aconitifolius,FALSE
Coconut Palm,Cocos nucifera,FALSE
Chinese houses,Collinsia concolor,TRUE
purple Chinese houses,Collinsia heterophylla,TRUE
Taro,Colocasia esculenta,FALSE
summer holly,Comarostaphylis diversifolia,TRUE
jio,Commelina benghalensis,FALSE
commelina,Commelina coelestis,FALSE
poison hemlock,Conium maculatum,FALSE
doubtful knight's-spur,Consolida ajacis,FALSE
mallow bindweed,Convolvulus althaeoides,FALSE
field bindweed,Convolvulus arvensis,FALSE
Texas bindweed,Convolvulus equitans,FALSE
asthmaweed,Conyza bonariensis,FALSE
Canadian horseweed,Conyza canadensis,FALSE
saltmarsh bird's-beak,Cordylanthus maritimus,FALSE
stiffbranch bird's beak,Cordylanthus rigidus,TRUE
stiffbranch bird's beak,Cordylanthus rigidus ssp. setigerus,FALSE
giant coreopsis,Coreopsis gigantea,FALSE
common sandaster,Corethrogyne filaginifolia,TRUE
common sandaster,Corethrogyne filaginifolia var. filaginifolia,FALSE
coriander,Coriandrum sativum,FALSE
Redoul,Coriaria myrtifolia,FALSE
Brown Dogwood,Cornus glabrata,TRUE
Cornelian Cherry Dogwood,Cornus mas,FALSE
Roundleaf Dogwood,Cornus rugosa,FALSE
redosier dogwood,Cornus sericea,TRUE
lesser swinecress,Coronopus didymus,FALSE
Uruguayan pampas grass,Cortaderia selloana,FALSE
California Hazelnut or Beaked Hazel,Corylus cornuta,TRUE
Filbert,Corylus maxima,FALSE
Australian waterbuttons,Cotula australis,FALSE
common brassbuttons,Cotula coronopifolia,FALSE
pig's ear,Cotyledon orbiculata,FALSE
water pygmyweed,Crassula aquatica,TRUE
sand pygmyweed,Crassula connata,TRUE
sand pygmyweed,Crassula connata var. erectoides,FALSE
Azarole,Crataegus azarolus,FALSE
spreading alkaliweed,Cressa truxillensis,TRUE
Showy Rattlebox,Crotalaria spectabilis,FALSE
California croton,Croton californicus,TRUE
California croton,Croton californicus var. tenuis,FALSE
dove weed,Croton setigerus,FALSE
"Croton, Purging",Croton tiglium,FALSE
swamp pricklegrass,Crypsis schoenoides,FALSE
modest prickle grass,Crypsis vaginiflora,FALSE
weakstem cryptantha,Cryptantha flaccida,TRUE
Clearwater cryptantha,Cryptantha intermedia,TRUE
coastal cryptantha,Cryptantha leiocarpa,TRUE
Tejon cryptantha,Cryptantha microstachys,TRUE
pointed cryptantha,Cryptantha muricata,TRUE
fingerleaf gourd,Cucurbita digitata,FALSE
Missouri gourd,Cucurbita foetidissima,TRUE
Cumin,Cuminum cyminum,FALSE
chaparral dodder,Cuscuta californica,TRUE
canyon dodder,Cuscuta ceanothi,FALSE
saltmarsh dodder,Cuscuta salina,TRUE
goldenthread,Cuscuta salina var. major,FALSE
goldenthread,Cuscuta salina var. papillata,FALSE
Morocco knapweed,Cyanopsis muricata,FALSE
"Tree Fern, Rough",Cyathea australis,FALSE
winged pigweed,Cycloloma atriplicifolium,FALSE
Quince,Cydonia oblonga,FALSE
cholla,Cylindropuntia,FALSE
California cholla,Cylindropuntia californica,TRUE
brownspined pricklypear,Cylindropuntia californica var. parkeri,TRUE
coastal cholla,Cylindropuntia prolifera,TRUE
Kenilworth ivy,Cymbalaria muralis,FALSE
Lemongrass,Cymbopogon citratus,FALSE
cardoon,Cynara cardunculus,FALSE
Cardoon/Artichoke Thistle,Cynara cardunculus,FALSE
Bermudagrass,Cynodon,FALSE
Bermudagrass,Cynodon dactylon,FALSE
tall flatsedge,Cyperus eragrostis,TRUE
redroot flatsedge,Cyperus erythrorhizos,TRUE
yellow nutsedge,Cyperus esculentus,TRUE
yellow nutsedge,Cyperus esculentus var. leptostachyus,FALSE
smooth flatsedge,Cyperus laevigatus,TRUE
black flatsedge,Cyperus niger,TRUE
fragrant flatsedge,Cyperus odoratus,TRUE
bearded flatsedge,Cyperus squarrosus,TRUE
bladderfern,Cystopteris,FALSE
brittle bladderfern,Cystopteris fragilis,TRUE
orchardgrass,Dactylis glomerata,FALSE
Orchardgrass,Dactylis glomerata,FALSE
False Hemp,Datisca cannabina,FALSE
Durango root,Datisca glomerata,TRUE
jimsonweed,Datura stramonium,FALSE
sacred thorn-apple,Datura wrightii,TRUE
Queen Anne's lace,Daucus carota,FALSE
American wild carrot,Daucus pusillus,TRUE
Cape-ivy,Delairea odorata,FALSE
seaside delosperma,Delosperma litorale,FALSE
scarlet larkspur,Delphinium cardinale,TRUE
San Bernardino larkspur,Delphinium parryi,TRUE
zigzag larkspur,Delphinium patens,TRUE
zigzag larkspur,Delphinium patens ssp. hepaticoideum,TRUE
Mei-Nung Bamboo,Dendrocalamus latiflorus 'Mei-Nung',FALSE
Solid Bamboo,Dendrocalamus strictus,FALSE
tree poppy,Dendromecon rigida,TRUE
Pacific hairgrass,Deschampsia holciformis,FALSE
western tansymustard,Descurainia pinnata,TRUE
Menzies' tansymustard,Descurainia pinnata ssp. menziesii,FALSE
Elegant Tick Trefoil,Desmodium elegans,FALSE
tapered rosette grass,Dichanthelium acuminatum,FALSE
bluedicks,Dichelostemma capitatum,TRUE
California ponysfoot,Dichondra donelliana,TRUE
western ponysfoot,Dichondra occidentalis,TRUE
hairy crabgrass,Digitaria sanguinalis,FALSE
Asian Persimmon,Diospyros kaki,FALSE
American Persimmon,Diospyros virginiana,FALSE
orange bush monkeyflower,Diplacus aurantiacus,FALSE
Cleveland's bush monkeyflower,Diplacus clevelandii,FALSE
southern bush monkeyflower,Diplacus longiflorus,FALSE
red bush monkeyflower,Diplacus puniceus,FALSE
annual wallrocket,Diplotaxis muralis,FALSE
perennial wallrocket,Diplotaxis tenuifolia,FALSE
saltgrass,Distichlis spicata,TRUE
padre's shootingstar,Dodecatheon clevelandii,FALSE
Florida hopbush,Dodonaea viscosa,FALSE
Hairy Canary Clover,Dorycnium hirsutum,FALSE
wedgeleaf draba,Draba cuneifolia,TRUE
"Dracaena 'Warneckei""",Dracaena deremensis 'Warneckei',FALSE
"Dragon Tree, Madagascar",Dracaena marginata,FALSE
royal dewflower,Drosanthemum speciosum,FALSE
coastal woodfern,Dryopteris arguta,TRUE
Blochman's liveforever,Dudleya blochmaniae,TRUE
sealettuce,Dudleya caespitosa,TRUE
canyon liveforever,Dudleya cymosa,TRUE
Santa Monica Mountains dudleya,Dudleya cymosa ssp. ovatifolia,TRUE
fingertips,Dudleya edulis,TRUE
lanceleaf liveforever,Dudleya lanceolata,TRUE
manystem liveforever,Dudleya multicaulis,TRUE
chalk dudleya,Dudleya pulverulenta,TRUE
Laguna Beach liveforever,Dudleya stolonifera,TRUE
bright green dudleya,Dudleya virens,TRUE
sticky liveforever,Dudleya viscida,TRUE
Mexican tea,Dysphania ambrosioides,FALSE
cockspur grass,Echinochloa,FALSE
jungle rice,Echinochloa colona,FALSE
barnyardgrass,Echinochloa crus-galli,FALSE
billion-dollar grass,Echinochloa frumentacea,FALSE
rough barnyardgrass,Echinochloa muricata,TRUE
upright burhead,Echinodorus berteroi,TRUE
false daisy,Eclipta prostrata,TRUE
golden eardrops,Ehrendorferia chrysantha,TRUE
yellow bleeding heart,Ehrendorferia ochroleuca,TRUE
common water hyacinth,Eichhornia crassipes,FALSE
Silver berry,Elaeagnus commutata,FALSE
Autumn Olive,Elaeagnus umbellata,FALSE
shortseed waterwort,Elatine brachysperma,TRUE
needle spikerush,Eleocharis acicularis,TRUE
needle spikerush,Eleocharis acicularis var. acicularis,TRUE
Canada spikesedge,Eleocharis geniculata,TRUE
pale spikerush,Eleocharis macrostachya,TRUE
sand spikerush,Eleocharis montevidensis,TRUE
dwarf spikerush,Eleocharis parvula,TRUE
rooted spikerush,Eleocharis radicans,TRUE
beaked spikerush,Eleocharis rostellata,TRUE
finger millet,Eleusine coracana,FALSE
African finger millet,Eleusine coracana ssp. africana,FALSE
blue wildrye,Elymus glaucus,TRUE
Jepson's blue wildrye,Elymus glaucus ssp. jepsonii,FALSE
big squirreltail,Elymus multisetus,TRUE
quackgrass,Elymus repens,FALSE
Silky Wild Rye,Elymus villosus,FALSE
spiny threecornerjack,Emex spinosa,FALSE
whisperingbells,Emmenanthe penduliflora,TRUE
California brittlebush,Encelia californica,TRUE
brittlebush,Encelia farinosa,TRUE
hummingbird trumpet,Epilobium canum,TRUE
fringed willowherb,Epilobium ciliatum,TRUE
stream orchid,Epipactis gigantea,TRUE
Golden Pothos,Epipremnum aureum,FALSE
field horsetail,Equisetum arvense,TRUE
smooth horsetail,Equisetum laevigatum,TRUE
giant horsetail,Equisetum telmateia,TRUE
giant horsetail,Equisetum telmateia var. braunii,FALSE
Lehmann lovegrass,Eragrostis lehmanniana,FALSE
Mexican lovegrass,Eragrostis mexicana,TRUE
Mexican lovegrass,Eragrostis mexicana ssp. virescens,TRUE
giant woollystar,Eriastrum densifolium,TRUE
giant woollystar,Eriastrum densifolium ssp. sanctorum,TRUE
sapphire woollystar,Eriastrum sapphirinum,TRUE
cliff goldenbush,Ericameria cuneata,TRUE
narrowleaf goldenbush,Ericameria linearifolia,TRUE
Palmer's goldenbush,Ericameria palmeri,TRUE
Palmer's rabbitbrush,Ericameria palmeri var. pachylepis,TRUE
Parish's rabbitbrush,Ericameria parishii,TRUE
pinebush,Ericameria pinifolia,TRUE
spreading fleabane,Erigeron divergens,TRUE
leafy fleabane,Erigeron foliosus,TRUE
Philadelphia fleabane,Erigeron philadelphicus,TRUE
Prairie Fleabane,Erigeron strigosus,FALSE
Loquat,Eriobotrya japonica,FALSE
thickleaf yerba santa,Eriodictyon crassifolium,TRUE
poodle-dog bush,Eriodictyon parryi,TRUE
hairy yerba santa,Eriodictyon trichocalyx,TRUE
longstem buckwheat,Eriogonum elongatum,TRUE
Eastern Mojave buckwheat,Eriogonum fasciculatum,TRUE
Eastern Mojave buckwheat,Eriogonum fasciculatum var. foliolosum,TRUE
Eastern Mojave buckwheat,Eriogonum fasciculatum var. polifolium,TRUE
slender woolly buckwheat,Eriogonum gracile,TRUE
slender woolly buckwheat,Eriogonum gracile var. incultum,FALSE
naked buckwheat,Eriogonum nudum,TRUE
naked buckwheat,Eriogonum nudum var. pauciflorum,TRUE
seacliff buckwheat,Eriogonum parvifolium,TRUE
Thurber's buckwheat,Eriogonum thurberi,TRUE
bastardsage,Eriogonum wrightii,TRUE
bastardsage,Eriogonum wrightii var. subscaposum,TRUE
golden-yarrow,Eriophyllum confertiflorum,TRUE
golden-yarrow,Eriophyllum confertiflorum var. confertiflorum,TRUE
longbeak stork's bill,Erodium botrys,FALSE
redstem stork's bill,Erodium cicutarium,FALSE
musky stork's bill,Erodium moschatum,FALSE
musky stork's bill,Erodium moschatum var. moschatum,FALSE
Arugula,Eruca versicaria sativa,FALSE
Basul,Erythrina edulis,FALSE
Coral Bean,Erythrina fusca,FALSE
California poppy,Eschscholzia californica,TRUE
California poppy,Eschscholzia californica ssp. californica,TRUE
spotted hideseed,Eucrypta chrysanthemifolia,TRUE
Surinam Cherry,Eugenia uniflora,FALSE
Strawberry Bush,Euonymus americanus,FALSE
Wintercreeper,Euonymus fortunei,FALSE
Chinese caps,Euphorbia crenulata,TRUE
Asthma Weed,Euphorbia hirta,FALSE
moleplant,Euphorbia lathyris,FALSE
cliff spurge,Euphorbia misera,TRUE
petty spurge,Euphorbia peplus,FALSE
Poinsettia,Euphorbia pulcherrima,FALSE
warty spurge,Euphorbia spathulata,TRUE
Indiantree spurge,Euphorbia tirucalli,FALSE
roughleaf aster,Eurybia radulina,TRUE
catchfly prairie gentian,Eustoma exaltatum,TRUE
western goldentop,Euthamia occidentalis,TRUE
American beech,Fagus grandiflora,FALSE
"Fig, Weeping",Ficus benjamina,FALSE
Common Fig,Ficus carica,FALSE
Rubber Plant,Ficus robusta,FALSE
sweet fennel,Foeniculum vulgare,FALSE
Woodland Strawberry,Fragaria californica,FALSE
Beach Strawberry,Fragaria chiloensis,TRUE
California buckthorn,Frangula californica,TRUE
California buckthorn,Frangula californica ssp. cuspidata,TRUE
California buckthorn,Frangula californica ssp. tomentella,TRUE
alkali seaheath,Frankenia salina,TRUE
California ash,Fraxinus dipetala,TRUE
velvet ash,Fraxinus velutina,TRUE
Chica,Fridericia chica,FALSE
chocolate lily,Fritillaria biflora,TRUE
fineleaf fumitory,Fumaria parviflora,FALSE
fringed twinevine,Funastrum cynanchoides,TRUE
Hartweg's twinevine,Funastrum cynanchoides ssp. heterophyllum,FALSE
Gaillardia Hybrids,Gaillardia grandiflora,FALSE
gallant soldier,Galinsoga parviflora,FALSE
narrowleaf bedstraw,Galium angustifolium,TRUE
stickywilly,Galium aparine,TRUE
climbing bedstraw,Galium nuttallii,TRUE
wall bedstraw,Galium parisiense,FALSE
graceful bedstraw,Galium porrigens,TRUE
threepetal bedstraw,Galium trifidum,TRUE
threepetal bedstraw,Galium trifidum ssp. columbianum,TRUE
spoonleaf purple everlasting,Gamochaeta purpurea,FALSE
ashy silktassel,Garrya flavescens,TRUE
canyon silktassel,Garrya veatchii,TRUE
nit grass,Gastridium phleoides,FALSE
scarlet beeblossom,Gaura coccinea,FALSE
Drummond's beeblossom,Gaura drummondii,FALSE
wavyleaf beeblossom,Gaura sinuata,FALSE
spreading groundsmoke,Gayophytum diffusum,TRUE
spreading groundsmoke,Gayophytum diffusum ssp. parviflorum,TRUE
Carolina geranium,Geranium carolinianum,TRUE
Tropical Black Bamboo,Gigantochloa atroviolacea,FALSE
California gilia,Gilia achilleifolia,TRUE
California gilia,Gilia achilleifolia ssp. multicaulis,TRUE
chaparral gilia,Gilia angelensis,TRUE
bluehead gilia,Gilia capitata,TRUE
bluehead gilia,Gilia capitata ssp. abrotanifolia,TRUE
Ginkgo,Ginkgo biloba,FALSE
Italian gladiolus,Gladiolus italicus,FALSE
crowndaisy,Glebionis coronarium,FALSE
Honey locust,Gleditsia tricanthos,FALSE
American licorice,Glycyrrhiza lepidota,TRUE
western marsh cudweed,Gnaphalium palustre,TRUE
Great Valley gumweed,Grindelia camporum,TRUE
bract gumweed,Grindelia camporum var. bracteosa,FALSE
Guadua Velutina Bamboo,Guadua velutina,FALSE
San Joaquin snakeweed,Gutierrezia californica,TRUE
broom snakeweed,Gutierrezia sarothrae,TRUE
Okinawa Spinach,Gynura bicolor,FALSE
barbgrass,Hainardia cylindrica,FALSE
Palmer's grapplinghook,Harpagonella palmeri,TRUE
sawtooth goldenbush,Hazardia squarrosa,TRUE
sawtooth bristleweed,Hazardia squarrosa var. grindelioides,TRUE
English ivy,Hedera helix,FALSE
Algerian ivy,Hedera helix ssp. canariensis,FALSE
Cretanweed,Hedypnois cretica,FALSE
rosilla,Helenium puberulum,TRUE
Bisbee Peak rushrose,Helianthemum scoparium,FALSE
common sunflower,Helianthus annuus,TRUE
Texas blueweed,Helianthus ciliaris,FALSE
slender sunflower,Helianthus gracilentus,TRUE
Nuttall's sunflower,Helianthus nuttallii,TRUE
Parish's sunflower,Helianthus nuttallii ssp. parishii,FALSE
rough false goldeneye,Heliomeris hispida,FALSE
salt heliotrope,Heliotropium curassavicum,TRUE
seaside heliotrope,Heliotropium curassavicum var. oculatum,TRUE
clustered tarweed,Hemizonia fasciculata,FALSE
Kellogg's tarweed,Hemizonia kelloggii,FALSE
western stingingnettle,Hesperocnide tenella,TRUE
tecate cypress,Hesperocyparis forbesii,TRUE
chaparral yucca,Hesperoyucca whipplei,TRUE
toyon,Heteromeles arbutifolia,TRUE
telegraphweed,Heterotheca grandiflora,TRUE
sessileflower false goldenaster,Heterotheca sessiliflora,TRUE
sessileflower false goldenaster,Heterotheca sessiliflora ssp. echioides,TRUE
sessileflower false goldenaster,Heterotheca sessiliflora ssp. fastigiata,TRUE
Cranberry Hibiscus,Hibiscus acetosella,FALSE
Chinese Hibiscus,Hibiscus rosa-sinensis,FALSE
Roselle,Hibiscus sabdariffa,FALSE
flower of an hour,Hibiscus trionum,FALSE
shortpod mustard,Hirschfeldia incana,FALSE
large leather-root,Hoita macrostachya,TRUE
roundleaf leather-root,Hoita orbicularis,TRUE
yellowflower tarweed,Holocarpha virgata,TRUE
wand tarbush,Holocarpha virgata ssp. elongata,TRUE
oceanspray,Holodiscus discolor,TRUE
meadow barley,Hordeum brachyantherum,TRUE
California barley,Hordeum brachyantherum ssp. californicum,TRUE
dwarf barley,Hordeum depressum,TRUE
bobtail barley,Hordeum intercedens,TRUE
seaside barley,Hordeum marinum,FALSE
Mediterranean barley,Hordeum marinum ssp. gussoneanum,FALSE
mouse barley,Hordeum murinum,FALSE
smooth barley,Hordeum murinum ssp. glaucum,FALSE
hare barley,Hordeum murinum ssp. leporinum,FALSE
common barley,Hordeum vulgare,FALSE
wedgeleaf horkelia,Horkelia cuneata,TRUE
wedgeleaf horkelia,Horkelia cuneata ssp. puberula,FALSE
Witch's Teeth,Hosackia gracilis,TRUE
Japanese Raisin,Hovenia dulcis,FALSE
redray alpinegold,Hulsea heterochroma,TRUE
floating marshpennywort,Hydrocotyle ranunculoides,TRUE
manyflower marshpennywort,Hydrocotyle umbellata,TRUE
whorled marshpennywort,Hydrocotyle verticillata,TRUE
Loomis' thimblehead,Hymenothrix loomisii,FALSE
smooth cat's ear,Hypochaeris glabra,FALSE
hairy cat's ear,Hypochaeris radicata,FALSE
Ice-cream-bean,Inga edulis,FALSE
Kangkong,Ipomoea aquatica,FALSE
Sweet Potato,Ipomoea batatas,FALSE
tall morning-glory,Ipomoea purpurea,FALSE
Bearded Iris,Iris hybrida,FALSE
Menzies' goldenbush,Isocoma menziesii,TRUE
Menzies' goldenbush,Isocoma menziesii var. decumbens,TRUE
Menzies' goldenbush,Isocoma menziesii var. sedoides,TRUE
Menzies' goldenbush,Isocoma menziesii var. vernonioides,TRUE
low bulrush,Isolepis cernua,TRUE
povertyweed,Iva axillaris,TRUE
marsh jaumea,Jaumea carnosa,TRUE
Parry's jepsonia,Jepsonia parryi,TRUE
Heartnut,Juglans ailantifolia,FALSE
Southern California walnut,Juglans californica,TRUE
Black walnut,Juglans nigra,FALSE
English walnut,Juglans regia,FALSE
spiny rush,Juncus acutus,TRUE
Leopold's rush,Juncus acutus ssp. leopoldii,TRUE
seasice rush,Juncus ambiguus,FALSE
arctic rush,Juncus arcticus,FALSE
mountain rush,Juncus arcticus ssp. littoralis,FALSE
toad rush,Juncus bufonius,TRUE
Mexican rush,Juncus mexicanus,TRUE
pointed rush,Juncus oxymeris,TRUE
wrinkled rush,Juncus rugulosus,TRUE
basket rush,Juncus textilis,TRUE
Torrey's rush,Juncus torreyi,TRUE
irisleaf rush,Juncus xiphioides,TRUE
California juniper,Juniperus californica,TRUE
Flaming Katy,Kalanchoe blossfeldiana,FALSE
Air Plant,Kalanchoe pinnatum,FALSE
snapdragon penstemon,Keckiella antirrhinoides,TRUE
heartleaf keckiella,Keckiella cordifolia,TRUE
scarlet keckiella,Keckiella ternata,TRUE
sharpleaf cancerwort,Kickxia elatine,FALSE
Lablab Bean (Hyacinth Bean),Lablab purpureus,FALSE
prickly lettuce,Lactuca serriola,FALSE
Coulter's horseweed,Laennecia coulteri,TRUE
goldentop grass,Lamarckia aurea,FALSE
henbit deadnettle,Lamium amplexicaule,FALSE
creeping redflush,Lampranthus multiradiatus,FALSE
leather spineflower,Lastarriaea coriacea,TRUE
California goldfields,Lasthenia californica,TRUE
royal goldfields,Lasthenia coronaria,TRUE
yellowray goldfields,Lasthenia glabrata,TRUE
Coulter's goldfields,Lasthenia glabrata ssp. coulteri,TRUE
smallray goldfields,Lasthenia microglossa,TRUE
Tangier pea,Lathyrus tingitanus,FALSE
Pacific pea,Lathyrus vestitus,TRUE
Alefeld's pea,Lathyrus vestitus ssp. alefeldii,FALSE
Lavender,Lavandula angustifolia,FALSE
tree lavatera,Lavatera olbia,FALSE
coastal tidytips,Layia platyglossa,TRUE
Monkey Pot,Lecythis pisonis,FALSE
common duckweed,Lemna minor,TRUE
star duckweed,Lemna trisulca,TRUE
Santa Ana pitchersage,Lepechinia cardiophylla,TRUE
shaggyfruit pepperweed,Lepidium lasiocarpum,TRUE
broadleaved pepperweed,Lepidium latifolium,FALSE
shining pepperweed,Lepidium nitidum,TRUE
Virginia pepperweed,Lepidium virginicum,TRUE
hairy pepperweed,Lepidium virginicum var. pubescens,FALSE
Robinson's pepperweed,Lepidium virginicum var. robinsonii,FALSE
California broomsage,Lepidospartum squamatum,TRUE
Malabar sprangletop,Leptochloa fusca,TRUE
Mexican sprangletop,Leptochloa fusca ssp. uninervia,TRUE
California prickly phlox,Leptodactylon californicum,FALSE
California prickly phlox,Leptodactylon californicum ssp. leptotrichomum,FALSE
whiskerbrush,Leptosiphon ciliatus,TRUE
many-flower linanthus,Leptosiphon floribundum,FALSE
manyflower linanthus,Leptosiphon floribundum ssp. glaber,FALSE
narrowflower flaxflower,Leptosiphon liniflorus,TRUE
White Leadtree,Leucaena leucocephala,FALSE
giant wildrye,Leymus condensatus,FALSE
beardless wildrye,Leymus triticoides,FALSE
Humboldt lily,Lilium humboldtii,TRUE
Humboldt's lily,Lilium humboldtii ssp. ocellatum,TRUE
rock sea-lavender,Limonium binervosum,FALSE
marsh rosemary,Limonium californicum,TRUE
Perez's sea lavender,Limonium perezii,FALSE
fringed linanthus,Linanthus dianthiflorus,TRUE
clovenlip toadflax,Linaria bipartita,FALSE
Moroccan toadflax,Linaria maroccana,FALSE
pineneedle toadflax,Linaria pinifolia,FALSE
yellowseed false pimpernel,Lindernia dubia,TRUE
yellowseed false pimpernel,Lindernia dubia var. anagallidea,FALSE
common flax,Linum usitatissimum,FALSE
Mexican Oregano,Lippia graveolens,FALSE
Lily Turf,Liriope spicata,FALSE
San Francisco woodland-star,Lithophragma affine,TRUE
mission woodland-star,Lithophragma cymbalaria,TRUE
sweet alyssum,Lobularia maritima,FALSE
spreading pygmyleaf,Loeflingia squarrosa,TRUE
Arizona cottonrose,Logfia arizonica,TRUE
California cottonrose,Logfia californica,FALSE
perennial ryegrass,Lolium perenne,FALSE
Italian ryegrass,Lolium perenne ssp. multiflorum,FALSE
Darnel ryegrass,Lolium temulentum,FALSE
desertparsley,Lomatium,FALSE
woollyfruit desertparsley,Lomatium dasycarpum,TRUE
shiny biscuitroot,Lomatium lucidum,TRUE
common lomatium,Lomatium utriculatum,TRUE
Japanese honeysuckle,Lonicera japonica,FALSE
southern honeysuckle,Lonicera subspicata,TRUE
Santa Barbara honeysuckle,Lonicera subspicata var. denudata,TRUE
Johnston's honeysuckle,Lonicera subspicata var. johnstonii,FALSE
silver bird's-foot trefoil,Lotus argophyllus,FALSE
big deervetch,Lotus crassifolius,FALSE
San Diego bird's-foot trefoil,Lotus hamatus,FALSE
Heermann's bird's-foot trefoil,Lotus heermannii,FALSE
coastal bird's-foot trefoil,Lotus salsuginosus,FALSE
coastal bird's-foot trefoil,Lotus salsuginosus var. brevivexillus,FALSE
common deerweed,Lotus scoparius,FALSE
strigose bird's-foot trefoil,Lotus strigosus,FALSE
American bird's-foot trefoil,Lotus unifoliolatus,FALSE
Chilean bird's-foot trefoil,Lotus wrangelianus,FALSE
floating primrose-willow,Ludwigia peploides,FALSE
lupine,Lupinus,FALSE
miniature lupine,Lupinus bicolor,TRUE
whitewhorl lupine,Lupinus densiflorus,FALSE
whitewhorl lupine,Lupinus densiflorus var. densiflorus,FALSE
grape soda lupine,Lupinus excubitus,TRUE
Hall's bush lupine,Lupinus excubitus var. hallii,TRUE
stinging annual lupine,Lupinus hirsutissimus,TRUE
broadleaf lupine,Lupinus latifolius,TRUE
broadleaf lupine,Lupinus latifolius ssp. parishii,FALSE
longleaf bush lupine,Lupinus longifolius,TRUE
sky lupine,Lupinus nanus,TRUE
sky lupine,Lupinus nanus ssp. nanus,FALSE
Mt. Diablo lupine,Lupinus pachylobus,TRUE
Coulter's lupine,Lupinus sparsiflorus,TRUE
valley lupine,Lupinus subvexus,FALSE
valley lupine,Lupinus subvexus var. subvexus,FALSE
hollowleaf annual lupine,Lupinus succulentus,TRUE
collared annual lupine,Lupinus truncatus,TRUE
rose campion,Lychnis coronaria,FALSE
Baja desert-thorn,Lycium brevipes,TRUE
California desert-thorn,Lycium californicum,TRUE
American water horehound,Lycopus americanus,TRUE
California loosestrife,Lythrum californicum,TRUE
hyssop loosestrife,Lythrum hyssopifolium,FALSE
Macadamia Nut,Macadamia integrifolia,FALSE
Mandarin Melonberry or Che,Maclura tricuspidata,FALSE
grassy tarweed,Madia gracilis,TRUE
Oregon grape,Mahonia aquifolium,FALSE
Cascade Barberry,Mahonia nervosa,FALSE
Wayleaf Barberry,Mahonia pinnata,FALSE
yellowstem bushmallow,Malacothamnus densiflorus,TRUE
Bush mallow,Malacothamnus fasciculatus,TRUE
Mendocino bushmallow,Malacothamnus fasciculatus,TRUE
smooth desertdandelion,Malacothrix glabrata,TRUE
cliff desertdandelion,Malacothrix saxatilis,TRUE
cliff desertdandelion,Malacothrix saxatilis var. tenuifolia,TRUE
coppery mesemb,Malephora crocea,FALSE
laurel sumac,Malosma laurina,TRUE
common mallow,Malva neglecta,FALSE
bull mallow,Malva nicaeensis,FALSE
cheeseweed mallow,Malva parviflora,FALSE
alkali mallow,Malvella leprosa,TRUE
Cassava,Manihot esculenta,FALSE
Sapodilla,Manilkara zapota,FALSE
Cucamonga manroot,Marah macrocarpus,FALSE
horehound,Marrubium vulgare,FALSE
nardoo,Marsilea drummondii,FALSE
hairy waterclover,Marsilea vestita,TRUE
disc mayweed,Matricaria discoidea,TRUE
valley mayweed,Matricaria occidentalis,TRUE
tenweeks stock,Matthiola incana,FALSE
Japanese mazus,Mazus pumilus,FALSE
smallflower fairypoppy,Meconella denticulata,TRUE
black medick,Medicago lupulina,FALSE
little bur-clover,Medicago minima,FALSE
burclover,Medicago polymorpha,FALSE
alfalfa,Medicago sativa,FALSE
honey-flower,Melianthus major,FALSE
smallflower melicgrass,Melica imperfecta,TRUE
annual yellow sweetclover,Melilotus indicus,FALSE
sweetclover,Melilotus officinalis,FALSE
yellowcomet,Mentzelia affinis,TRUE
bushy blazingstar,Mentzelia dispersa,TRUE
San Luis blazingstar,Mentzelia micrantha,TRUE
q-tips,Micropus californicus,TRUE
q-tips,Micropus californicus var. californicus,TRUE
Douglas' silverpuffs,Microseris douglasii,TRUE
Douglas' silverpuffs,Microseris douglasii ssp. platycarpha,TRUE
Douglas' silverpuffs,Microseris douglasii ssp. tenella,TRUE
grassland silverpuffs,Microseris heterocarpa,FALSE
Lindley's silverpuffs,Microseris lindleyi,FALSE
false monkeyflower,Mimetanthe pilosa,FALSE
widethroat yellow monkeyflower,Mimulus brevipes,TRUE
scarlet monkeyflower,Mimulus cardinalis,TRUE
Palomar monkeyflower,Mimulus diffusus,FALSE
manyflowered monkeyflower,Mimulus floribundus,TRUE
seep monkeyflower,Mimulus guttatus,TRUE
desert wishbone-bush,Mirabilis laevis,TRUE
narrowleaf four o'clock,Mirabilis linearis,FALSE
Colorado four o'clock,Mirabilis multiflora,TRUE
Colorado four o'clock,Mirabilis multiflora var. pubescens,TRUE
Carolina bristlemallow,Modiola caroliniana,FALSE
green carpetweed,Mollugo verticillata,FALSE
shoregrass,Monanthochloe littoralis,FALSE
thickleaf monardella,Monardella hypoleuca,TRUE
feltleaf monardella,Monardella hypoleuca ssp. lanata,TRUE
mustang monardella,Monardella lanceolata,FALSE
red monardella,Monardella macrantha,TRUE
Hall's monardella,Monardella macrantha ssp. hallii,TRUE
yellow monardella,Monardella nana,TRUE
Nuttall's povertyweed,Monolepis nuttalliana,TRUE
Moringa,Moringa oleifera,FALSE
Weeping Mulberry,Morus alba 'Chaparral',FALSE
White Mulberry,Morus alba 'White Mulberry',FALSE
Pakistani Red Mulberry,Morus rubra 'Pakistan',FALSE
California spineflower,Mucronea californica,TRUE
scratchgrass,Muhlenbergia asperifolia,TRUE
littleseed muhly,Muhlenbergia microsperma,TRUE
Curry Leaf Plant,Murraya koenigii,FALSE
ngaio tree,Myoporum laetum,FALSE
Eurasian watermilfoil,Myriophyllum spicatum,FALSE
nodding waternymph,Najas flexilis,FALSE
southern waternymph,Najas guadalupensis,TRUE
southern waternymph,Najas guadalupensis ssp. guadalupensis,FALSE
mud fiddleleaf,Nama stenocarpum,FALSE
foothill needlegrass,Nassella lepida,FALSE
purple needlegrass,Nassella pulchra,FALSE
Gambel's yellowcress,Nasturtium gambelii,TRUE
watercress,Nasturtium officinale,TRUE
prostrate pincushionplant,Navarretia prostrata,TRUE
cottonheads,Nemacaulis denudata,TRUE
cottonheads,Nemacaulis denudata var. denudata,TRUE
longflower threadplant,Nemacladus longiflorus,TRUE
smallflower threadplant,Nemacladus ramosissimus,TRUE
baby blue eyes,Nemophila menziesii,TRUE
baby blue eyes,Nemophila menziesii var. integrifolia,TRUE
Kellogg snapdragon,Neogaerrhinum strictum,FALSE
Blushing Bromeliad,Neoregelia carolinae,FALSE
Rambutan,Nephelium lappaceum,FALSE
"Fern, Sword (Boston Fern)",Nephrolepis exaltata,FALSE
Cleveland's tobacco,Nicotiana clevelandii,TRUE
tree tobacco,Nicotiana glauca,FALSE
Indian tobacco,Nicotiana quadrivalvis,TRUE
Bigelow's tobacco,Nicotiana quadrivalvis var. bigelovii,FALSE
Wallace's tobacco,Nicotiana quadrivalvis var. wallacei,FALSE
boraxweed,Nitrophila occidentalis,TRUE
Bigelow's nolina,Nolina bigelovii,TRUE
Peninsular beargrass,Nolina cismontana,TRUE
Parry's beargrass,Nolina parryi,TRUE
California cloak fern,Notholaena californica,TRUE
Canada toadflax,Nuttallanthus canadensis,FALSE
Texas toadflax,Nuttallanthus texanus,TRUE
water parsely,Oenanthe sarmentosa,TRUE
California evening primrose,Oenothera californica,TRUE
Hooker's evening primrose,Oenothera elata,TRUE
Hooker's evening primrose,Oenothera elata ssp. hirsutissima,TRUE
Hooker's evening primrose,Oenothera elata ssp. hookeri,TRUE
pinkladies,Oenothera speciosa,FALSE
Olive,Olea europaea,FALSE
lineleaf whitepuff,Oligomeris linifolia,TRUE
stinknet,Oncosiphon piluliferum,FALSE
Common Sainfoin,Onobrychis viciifolia,FALSE
California adderstongue,Ophioglossum californicum,TRUE
coastal pricklypear,Opuntia littoralis,TRUE
pricklypear,Opuntia occidentalis,FALSE
chaparral pricklypear,Opuntia oricola,TRUE
Vasey's coastal pricklypear,Opuntia vaseyi,FALSE
Oregano,Origanum vulgare,FALSE
African Rice,Oryza glaberrima,FALSE
Upland Rice,Oryza sativa,FALSE
false rosinweed,Osmadenia tenella,TRUE
California sweetcicely,Osmorhiza brachypoda,TRUE
Mexican Weeping Bamboo,Otatea acuminata 'Aztecorum',FALSE
radishroot woodsorrel,Oxalis albicans,FALSE
California woodsorrel,Oxalis albicans ssp. californica,FALSE
Bermuda buttercup,Oxalis pes-caprae,FALSE
threelobe oxytheca,Oxytheca trilobata,FALSE
Andean Yam Bean,Pachyrhizus ahipa,FALSE
California peony,Paeonia californica,TRUE
estrella de mar,Pallenis maritima,FALSE
western poppy,Papaver californicum,TRUE
curved sicklegrass,Parapholis incurva,FALSE
rillita pellitory,Parietaria hespera,TRUE
spreading pellitory,Parietaria judaica,FALSE
dallisgrass,Paspalum dilatatum,FALSE
knotgrass,Paspalum distichum,TRUE
seashore paspalum,Paspalum vaginatum,FALSE
Passion Fruit,Passiflora edulis,FALSE
sagebrush combseed,Pectocarya linearis,TRUE
sagebrush combseed,Pectocarya linearis ssp. ferocula,TRUE
sleeping combseed,Pectocarya penicillata,TRUE
Indian warrior,Pedicularis densiflora,TRUE
regal pelargonium,Pelargonium domesticum,FALSE
oakleaf garden geranium,Pelargonium panduriforme,FALSE
oakleaf geranium,Pelargonium quercifolium,FALSE
coffee cliffbrake,Pellaea andromedifolia,TRUE
birdfoot cliffbrake,Pellaea mucronata,TRUE
California cliffbrake,Pellaea mucronata ssp. californica,FALSE
buffelgrass,Pennisetum ciliare,FALSE
kikuyugrass,Pennisetum clandestinum,FALSE
pearl millet,Pennisetum glaucum,FALSE
crimson fountaingrass,Pennisetum setaceum,FALSE
feathertop,Pennisetum villosum,FALSE
scarlet bugler,Penstemon centranthifolius,TRUE
bunchleaf penstemon,Penstemon heterophyllus,TRUE
foothill beardtongue,Penstemon heterophyllus ssp. australis,FALSE
mountain blue penstemon,Penstemon laetus,TRUE
beardtongue,Penstemon parishii,FALSE
showy penstemon,Penstemon spectabilis,TRUE
showy penstemon,Penstemon spectabilis ssp. subviscosus,FALSE
golden chaetopappa,Pentachaeta aurea,TRUE
Allen's pentachaeta,Pentachaeta aurea ssp. allenii,TRUE
goldback fern,Pentagramma triangularis,TRUE
silverback fern,Pentagramma triangularis ssp. viscosa,TRUE
Gardner's yampah,Perideridia gairdneri,TRUE
Avocado,Persea americana,FALSE
shortlobe phacelia,Phacelia brachyloba,TRUE
caterpillar phacelia,Phacelia cicutaria,TRUE
caterpillar phacelia,Phacelia cicutaria var. hispida,TRUE
Great Valley phacelia,Phacelia ciliata,TRUE
distant phacelia,Phacelia distans,TRUE
largeflower phacelia,Phacelia grandiflora,TRUE
imbricate phacelia,Phacelia imbricata,TRUE
wild canterbury bells,Phacelia minor,TRUE
Parry's phacelia,Phacelia parryi,TRUE
branching phacelia,Phacelia ramosissima,TRUE
branching phacelia,Phacelia ramosissima var. austrolitoralis,FALSE
branching phacelia,Phacelia ramosissima var. latifolia,FALSE
sweetscented phacelia,Phacelia suaveolens,TRUE
Keck's phacelia,Phacelia suaveolens ssp. keckii,FALSE
lacy phacelia,Phacelia tanacetifolia,TRUE
littleseed canarygrass,Phalaris minor,FALSE
"Palm, Pygmy Date",Phoenix roebelenii,FALSE
blue fiestaflower,Pholistoma auritum,TRUE
Colorado Desert mistletoe,Phoradendron macrophyllum,FALSE
common reed,Phragmites australis,TRUE
lanceleaf fogfruit,Phyla lanceolata,TRUE
Torrey's surfgrass,Phyllospadix torreyi,FALSE
Fish Pole Bamboo,Phyllostachys aurea,FALSE
Yellow Groove Bamboo,Phyllostachys aureosulcata,FALSE
Golden Crookstem Bamboo,Phyllostachys aureosulcata 'Aureocaulis',FALSE
Harbin Inversa Bamboo,Phyllostachys aureosulcata 'Harbin Inversa',FALSE
Spectabilis Bamboo,Phyllostachys aureosulcata 'Spectabilis',FALSE
Beautiful Bamboo,Phyllostachys mannii 'Decora',FALSE
Nude Sheath Bamboo,Phyllostachys nuda,FALSE
Parvifolia Bamboo,Phyllostachys parvifolia,FALSE
Red Margin Bamboo,Phyllostachys rubromarginata,FALSE
Stimulosa Bamboo,Phyllostachys stimulosa,FALSE
Chinese Timber Bamboo,Phyllostachys vivax,FALSE
Golden Vivax Bamboo,Phyllostachys vivax 'Aureocaulis',FALSE
Yellow Groove Vivax Bamboo,Phyllostachys vivax 'Huangwenzhu',FALSE
sharpleaf groundcherry,Physalis acutifolia,TRUE
yellow nightshade groundcherry,Physalis crassifolia,TRUE
field groundcherry,Physalis mollis,FALSE
Mexican groundcherry,Physalis philadelphica,FALSE
Mexican groundcherry,Physalis philadelphica var. immaculata,FALSE
chaparral pea,Pickeringia montana,TRUE
bristly oxtongue,Picris echioides,FALSE
American pillwort,Pilularia americana,TRUE
Allspice,Pimenta dioica,FALSE
knobcone pine,Pinus attenuata,TRUE
Coulter pine,Pinus coulteri,TRUE
Italian stone pine,Pinus pinea,FALSE
"Pine, Italian Stone",Pinus pinea,FALSE
Cooper's rein orchid,Piperia cooperi,TRUE
narrow-petal rein orchid,Piperia leptopetala,TRUE
slender-spire orchid,Piperia unalascensis,TRUE
smilograss,Piptatherum miliaceum,FALSE
Pistachio,Pistacia vera,FALSE
adobe popcornflower,Plagiobothrys acanthocarpus,TRUE
Cooper's popcornflower,Plagiobothrys collinus,TRUE
Cooper's popcornflower,Plagiobothrys collinus var. californicus,TRUE
rusty popcornflower,Plagiobothrys nothofulvus,TRUE
sand plantain,Plantago arenaria,FALSE
prairie plantain,Plantago elongata,TRUE
dotseed plantain,Plantago erecta,TRUE
narrowleaf plantain,Plantago lanceolata,FALSE
common plantain,Plantago major,FALSE
goose tongue,Plantago maritima,TRUE
desert Indianwheat,Plantago ovata,TRUE
redseed plantain,Plantago rhodosperma,TRUE
tall coastal plantain,Plantago subnuda,TRUE
California sycamore,Platanus racemosa,TRUE
creamcups,Platystemon californicus,TRUE
petite licorice,Plecostachys serpyllifolia,FALSE
sweetscent,Pluchea odorata,TRUE
arrowweed,Pluchea sericea,TRUE
Cape leadwort,Plumbago auriculata,FALSE
annual bluegrass,Poa annua,FALSE
Howell's bluegrass,Poa howellii,TRUE
Sandberg bluegrass,Poa secunda,TRUE
California manyseed,Polycarpon depressum,TRUE
Sierra milkwort,Polygala cornuta,TRUE
Sierra milkwort,Polygala cornuta var. fishiae,TRUE
Purple Milkwort,Polygala sanguinea,FALSE
water knotweed,Polygonum amphibium,FALSE
longroot smartweed,Polygonum amphibium var. emersum,FALSE
oval-leaf knotweed,Polygonum arenastrum,FALSE
silversheath knotweed,Polygonum argyrocoleon,FALSE
swamp smartweed,Polygonum hydropiperoides,FALSE
curlytop knotweed,Polygonum lapathifolium,FALSE
California polypody,Polypodium californicum,TRUE
Licorice fern,Polypodium glycyrrhiza,TRUE
Chilean rabbitsfoot grass,Polypogon australis,FALSE
ditch rabbitsfoot grass,Polypogon interruptus,FALSE
annual rabbitsfoot grass,Polypogon monspeliensis,FALSE
beardless rabbitsfoot grass,Polypogon viridis,FALSE
balsam poplar,Populus balsamifera,FALSE
black cottonwood,Populus balsamifera ssp. trichocarpa,FALSE
Fremont cottonwood,Populus fremontii,TRUE
slender poreleaf,Porophyllum gracile,TRUE
yerba porosa,Porophyllum ruderale,FALSE
yerba porosa,Porophyllum ruderale ssp. macrocephalum,FALSE
little hogweed,Portulaca oleracea,FALSE
curly pondweed,Potamogeton crispus,FALSE
longleaf pondweed,Potamogeton nodosus,TRUE
sticky cinquefoil,Potentilla glandulosa,FALSE
sticky cinquefoil,Potentilla glandulosa ssp. glandulosa,FALSE
velvet mesquite,Prosopis velutina,FALSE
Apricot,Prunus armeniaca,FALSE
Hall's Hardy Almond,Prunus dulcis,FALSE
Catalina Cherry,Prunus ilicifolia,TRUE
Hollyleaf Cherry,Prunus ilicifolia,TRUE
Peach,Prunus persica,FALSE
choke cherry,Prunus virginiana,TRUE
two-color rabbit-tobacco,Pseudognaphalium biolettii,TRUE
ladies' tobacco,Pseudognaphalium californicum,TRUE
Wright's cudweed,Pseudognaphalium canescens,TRUE
Wright's cudweed,Pseudognaphalium canescens ssp. beneolens,FALSE
Wright's cudweed,Pseudognaphalium canescens ssp. microcephalum,FALSE
white cudweed,Pseudognaphalium leucocephalum,TRUE
Jersey cudweed,Pseudognaphalium luteoalbum,FALSE
pink cudweed,Pseudognaphalium ramosissimum,TRUE
cottonbatting plant,Pseudognaphalium stramineum,TRUE
bigcone Douglas-fir,Pseudotsuga macrocarpa,TRUE
Common Guava,Psidium Guajava,FALSE
Winged Bean,Psophocarpus tetragonolobus,FALSE
California hoptree,Ptelea crenulata,TRUE
woodland pterostegia,Pterostegia drymarioides,TRUE
Spanish false fleabane,Pulicaria paludosa,FALSE
Pomegranate,Punica granatum,FALSE
Mexican Cliffrose,Purshia mexicana,TRUE
European Pear,Pyrus communis,FALSE
Asian Pear,Pyrus pyrifolia,FALSE
hybrid oak,Quercus acutidens,FALSE
California live oak,Quercus agrifolia,TRUE
canyon live oak,Quercus chrysolepis,TRUE
coastal sage scrub oak,Quercus dumosa,TRUE
coastal sage scrub oak,Quercus dumosa var. elegantula,FALSE
Engelmann oak,Quercus engelmannii,TRUE
holly oak,Quercus ilex,FALSE
MacDonald oak,Quercus macdonaldii,FALSE
interior live oak,Quercus wislizeni,TRUE
interior live oak,Quercus wislizeni var. frutescens,TRUE
California plumeseed,Rafinesquia californica,TRUE
California buttercup,Ranunculus californicus,TRUE
alkali buttercup,Ranunculus cymbalaria,TRUE
delicate buttercup,Ranunculus hebecarpus,TRUE
wild radish,Raphanus raphanistrum,FALSE
cultivated radish,Raphanus sativus,FALSE
coffee berry,Rhamnus californica,FALSE
redberry buckthorn,Rhamnus crocea,TRUE
hollyleaf redberry,Rhamnus ilicifolia,TRUE
"Palm, Lady",Rhapis excelsa,FALSE
Lemonade Sumac,Rhus integrifolia,TRUE
sugar sumac,Rhus ovata,TRUE
Poison Ivy,Rhus radicans,FALSE
skunkbush sumac,Rhus trilobata,FALSE
bitter gooseberry,Ribes amarum,TRUE
hillside gooseberry,Ribes californicum,TRUE
hillside gooseberry,Ribes californicum var. hesperium,TRUE
whiteflower currant,Ribes indecorum,TRUE
chaparral currant,Ribes malvaceum,TRUE
chaparral currant,Ribes malvaceum var. viridifolium,TRUE
Canyon Gooseberry,Ribes menziesii,TRUE
Sierra gooseberry,Ribes roezlii,TRUE
fuchsiaflower gooseberry,Ribes speciosum,TRUE
castorbean,Ricinus communis,FALSE
Black Locust,Robinia pseudoacacia,FALSE
Coulter's Matilija poppy,Romneya coulteri,TRUE
curvepod yellowcress,Rorippa curvisiliqua,TRUE
bog yellowcress,Rorippa palustris,TRUE
California wildrose,Rosa californica,TRUE
Wood's Rose,Rosa woodsii,TRUE
Rosemary,Rosemarinus officionalis,FALSE
Blackcap Raspberry,Rubus occidentalis,FALSE
California blackberry,Rubus ursinus,TRUE
common sheep sorrel,Rumex acetosella,FALSE
clustered dock,Rumex conglomeratus,FALSE
curly dock,Rumex crispus,FALSE
canaigre dock,Rumex hymenosepalus,TRUE
golden dock,Rumex maritimus,FALSE
willow dock,Rumex salicifolius,TRUE
forest scurfpea,Rupertia physodes,TRUE
spiral ditchgrass,Ruppia cirrhosa,FALSE
widgeongrass,Ruppia maritima,TRUE
"Rue, Herb-of-grace",Ruta graveolens,FALSE
Sugarcane,Saccharum officinarum,FALSE
valley arrowhead,Sagittaria sanfordii,TRUE
Coulter's snapdragon,Sairocarpus coulterianus,FALSE
violet snapdragon,Sairocarpus nuttallianus,FALSE
lesser snapdragon,Sairocarpus pusillus,FALSE
dwarf saltwort,Salicornia bigelovii,TRUE
Virginia glasswort,Salicornia depressa,TRUE
white willow,Salix alba,FALSE
Bebb Willow,Salix bebbiana,TRUE
Narrowleaf Willow,Salix exigua,TRUE
narrowleaf willow,Salix exigua,TRUE
Goodding's willow,Salix gooddingii,TRUE
Red Willow,Salix laevigata,TRUE
red willow,Salix laevigata,TRUE
arroyo willow,Salix lasiolepis,TRUE
shining willow,Salix lucida,FALSE
Pacific willow,Salix lucida ssp. lasiandra,FALSE
lily of the valley vine,Salpichroa origanifolia,FALSE
prickly Russian thistle,Salsola tragus,FALSE
sage,Salvia,FALSE
white sage,Salvia apiana,TRUE
chia,Salvia columbariae,TRUE
San Luis Purple Sage,Salvia leucophylla,TRUE
Black Sage,Salvia mellifera,TRUE
Sage,Salvia officinalis,FALSE
hummingbird sage,Salvia spathacea,TRUE
kariba-weed,Salvinia molesta,FALSE
American Elderberry,Sambucus canadensis,FALSE
Adams Elderberry,Sambucus canadensis 'Adams',FALSE
Elderberrt,Sambucus mexicana,FALSE
black elderberry,Sambucus nigra,TRUE
American black elderberry,Sambucus nigra ssp. canadensis,FALSE
seaside brookweed,Samolus valerandi,FALSE
seaside brookweed,Samolus valerandi ssp. parviflorus,FALSE
sharptooth blacksnakeroot,Sanicula arguta,TRUE
poison sanicle,Sanicula bipinnata,TRUE
purple sanicle,Sanicula bipinnatifida,TRUE
Pacific blacksnakeroot,Sanicula crassicaulis,TRUE
northern sanicle,Sanicula graveolens,TRUE
turkey pea,Sanicula tuberosa,TRUE
Snake Plant,Sansevieria trifasciata,FALSE
shrubby yerba buena,Satureja chandleri,FALSE
California saxifrage,Saxifraga californica,FALSE
Queensland Umbrella Tree,Schefflera actinophylla,FALSE
Peruvian peppertree,Schinus molle,FALSE
common Mediterranean grass,Schismus barbatus,FALSE
hardstem bulrush,Schoenoplectus acutus,TRUE
tule,Schoenoplectus acutus var. occidentalis,TRUE
chairmaker's bulrush,Schoenoplectus americanus,TRUE
California bulrush,Schoenoplectus californicus,TRUE
softstem bulrush,Schoenoplectus tabernaemontani,TRUE
Prickly Caterpillar,Scorpiurus muricatus,FALSE
California figwort,Scrophularia californica,TRUE
California figwort,Scrophularia californica ssp. floribunda,FALSE
Danny's skullcap,Scutellaria tuberosa,TRUE
cereal rye,Secale cereale,FALSE
Orange Stonecrop,Sedum kamtschaticum,FALSE
bluish spikemoss,Selaginella asprella,TRUE
bushy spikemoss,Selaginella bigelovii,TRUE
chaparral ragwort,Senecio aphanactis,TRUE
California ragwort,Senecio californicus,TRUE
threadleaf ragwort,Senecio flaccidus,TRUE
Douglas' ragwort,Senecio flaccidus var. douglasii,TRUE
Fireweed groundsel,Senecio linearifolius,FALSE
old-man-in-the-Spring,Senecio vulgaris,FALSE
"Senna, Alexandrian",Senna alexandrina,FALSE
silver senna,Senna artemisioides,FALSE
verrucose seapurslane,Sesuvium verrucosum,TRUE
Japanese bristlegrass,Setaria faberi,FALSE
marsh bristlegrass,Setaria parviflora,TRUE
African bristlegrass,Setaria sphacelata,FALSE
hooked bristlegrass,Setaria verticillata,FALSE
Zigzag Bamboo,Shibataea chinensis,FALSE
salt spring checkerbloom,Sidalcea neomexicana,TRUE
Thurber's checkerbloom,Sidalcea neomexicana ssp. thurberi,FALSE
sleepy silene,Silene antirrhina,TRUE
common catchfly,Silene gallica,FALSE
cardinal catchfly,Silene laciniata,TRUE
cardinal catchfly,Silene laciniata ssp. major,FALSE
San Francisco campion,Silene verecunda,TRUE
San Francisco campion,Silene verecunda ssp. platyota,FALSE
maidenstears,Silene vulgaris,FALSE
blessed milkthistle,Silybum marianum,FALSE
charlock mustard,Sinapis arvensis,FALSE
tall tumblemustard,Sisymbrium altissimum,FALSE
London rocket,Sisymbrium irio,FALSE
Indian hedgemustard,Sisymbrium orientale,FALSE
western blue-eyed grass,Sisyrinchium bellum,TRUE
American black nightshade,Solanum americanum,TRUE
greenspot nightshade,Solanum douglasii,TRUE
silverleaf nightshade,Solanum elaeagnifolium,FALSE
orangeberry nightshade,Solanum lanceolatum,FALSE
black nightshade,Solanum nigrum,FALSE
Parish's nightshade,Solanum parishii,TRUE
hoe nightshade,Solanum physalifolium,FALSE
buffalobur nightshade,Solanum rostratum,FALSE
bluewitch nightshade,Solanum umbelliferum,TRUE
bluewitch,Solanum umbelliferum var. glabrescens,FALSE
chaparral nightshade,Solanum xanti,TRUE
chaparral nightshade,Solanum xanti var. intermedium,FALSE
California goldenrod,Solidago californica,FALSE
Nevada goldenrod,Solidago spectabilis,TRUE
Nevada goldenrod,Solidago spectabilis var. confinis,FALSE
field burrweed,Soliva sessilis,FALSE
bluebell creeper,Sollya heterophylla,FALSE
field sowthistle,Sonchus arvensis,FALSE
spiny sowthistle,Sonchus asper,FALSE
common sowthistle,Sonchus oleraceus,FALSE
slender sowthistle,Sonchus tenerrimus,FALSE
Ku Shen,Sophora flavescens,FALSE
Western mountain ash,Sorbus scopulina,TRUE
Johnsongrass,Sorghum halepense,FALSE
California cordgrass,Spartina foliosa,TRUE
Spanish Broom,Spartium junceum,FALSE
sticky sandspurry,Spergularia macrotheca,TRUE
salt sandspurry,Spergularia salina,FALSE
hairy sandspurry,Spergularia villosa,FALSE
desert globemallow,Sphaeralcea ambigua,TRUE
alkali sacaton,Sporobolus airoides,TRUE
bugle hedgenettle,Stachys ajugoides,TRUE
Lamb_s Ears,Stachys byzantina,FALSE
rough hedgenettle,Stachys rigida,TRUE
rough hedgenettle,Stachys rigida var. quercetorum,TRUE
common chickweed,Stellaria media,FALSE
St. Augustine grass,Stenotaphrum secundatum,FALSE
chicoryleaf wirelettuce,Stephanomeria cichoriacea,TRUE
San Diego wirelettuce,Stephanomeria diegensis,TRUE
small wirelettuce,Stephanomeria exigua,TRUE
whiteplume wirelettuce,Stephanomeria exigua ssp. coronaria,TRUE
wand wirelettuce,Stephanomeria virgata ssp. pleurocarpa,TRUE
rod wirelettuce,Stephanomeria virgata ssp. virgata,TRUE
queen's-root,Stillingia linearifolia,TRUE
sago pondweed,Stuckenia pectinata,TRUE
drug snowbell,Styrax redivivus,TRUE
Pursh seepweed,Suaeda calceoliformis,TRUE
seablite,Suaeda esteroa,TRUE
Mojave seablite,Suaeda moquinii,FALSE
woolly seablite,Suaeda taxifolia,TRUE
"Mahogany, Big Leaf",Swietana macrophylla,FALSE
"Palm, Queen",Syagrus romanzoffiana,FALSE
creeping snowberry,Symphoricarpos mollis,TRUE
western aster,Symphyotrichum ascendens,TRUE
San Bernardino aster,Symphyotrichum defoliatum,TRUE
white panicle aster,Symphyotrichum lanceolatum,TRUE
white panicle aster,Symphyotrichum lanceolatum ssp. hesperium,FALSE
white panicle aster,Symphyotrichum lanceolatum ssp. hesperium var. hesperium,FALSE
Arrowhead Vine,Syngonium podophyllum,FALSE
Tamarind,Tamarindus indica,FALSE
five-stamen tamarisk,Tamarix chinensis,FALSE
feverfew,Tanacetum parthenium,FALSE
common dandelion,Taraxacum officinale,FALSE
southern umbrellawort,Tauschia arguta,TRUE
Parish's umbrellawort,Tauschia parishii,TRUE
red shrubby-spurge,Tetracoccus dioicus,TRUE
hairy horsebrush,Tetradymia comosa,TRUE
New Zealand Spinach,Tetragonia tetragonioides,FALSE
Fendler's meadow-rue,Thalictrum fendleri,TRUE
Fendler's meadow-rue,Thalictrum fendleri var. polycarpum,TRUE
Hopi tea greenthread,Thelesperma megapotamicum,FALSE
mountain fringepod,Thysanocarpus laciniatus,TRUE
Mexican Sunflower,Tithonia diversifolia,FALSE
Pacific poison oak,Toxicodendron diversilobum,TRUE
salsify,Tragopogon porrifolius,FALSE
puncturevine,Tribulus terrestris,FALSE
Woolly Bluecurls,Trichostema lanatum,TRUE
vinegarweed,Trichostema lanceolatum,TRUE
Parish's bluecurls,Trichostema parishii,TRUE
rancheria clover,Trifolium albopurpureum,TRUE
foothill clover,Trifolium ciliolatum,TRUE
cowbag clover,Trifolium depauperatum,TRUE
balloon sack clover,Trifolium depauperatum var. stenophyllum,FALSE
bull clover,Trifolium fucatum,TRUE
Chilean clover,Trifolium macraei,TRUE
smallhead clover,Trifolium microcephalum,TRUE
thimble clover,Trifolium microdon,TRUE
clammy clover,Trifolium obtusiflorum,TRUE
white clover,Trifolium repens,FALSE
tomcat clover,Trifolium willdenovii,TRUE
cows clover,Trifolium wormskioldii,TRUE
slender arrowgrass,Triglochin concinna,TRUE
seaside arrowgrass,Triglochin maritima,TRUE
Winter Wheat,Triticum aestivum,FALSE
American threefold,Trixis californica,TRUE
nasturtium,Tropaeolum majus,FALSE
narrowleaf cattail,Typha angustifolia,TRUE
southern cattail,Typha domingensis,TRUE
broadleaf cattail,Typha latifolia,TRUE
Chilean Guava or Strawberry Myrtle,Ugni molinae,FALSE
California laurel,Umbellularia californica,TRUE
stinging nettle,Urtica dioica,TRUE
stinging nettle,Urtica dioica ssp. holosericea,TRUE
dwarf nettle,Urtica urens,FALSE
American eelgrass,Vallisneria americana,FALSE
canyon sunflower,Venegasia carpesioides,TRUE
common mullein,Verbascum thapsus,FALSE
bigbract verbena,Verbena bracteata,TRUE
western vervain,Verbena lasiostachys,TRUE
mint vervain,Verbena menthifolia,TRUE
sandpaper vervain,Verbena scabra,FALSE
bigleaf crownbeard,Verbesina dissita,TRUE
water speedwell,Veronica anagallis-aquatica,FALSE
neckweed,Veronica peregrina,TRUE
hairy purslane speedwell,Veronica peregrina ssp. xalapensis,TRUE
American vetch,Vicia americana,TRUE
purple vetch,Vicia benghalensis,FALSE
bird vetch,Vicia cracca ssp. cracca,FALSE
torhleaf goldeneye,Viguiera laciniata,FALSE
Parish's goldeneye,Viguiera parishii,FALSE
bigleaf periwinkle,Vinca major,FALSE
Johnny-jump-up,Viola pedunculata,TRUE
Downy Yellow Violet,Viola pubescens,FALSE
goosefoot violet,Viola purpurea,TRUE
goosefoot violet,Viola purpurea ssp. quercetorum,TRUE
Shelton's violet,Viola sheltonii,TRUE
desert wild grape,Vitis girdiana,TRUE
Grape,Vitis vinifera,FALSE
annual fescue,Vulpia myuros,FALSE
California fan palm,Washingtonia filifera,TRUE
tongueshape bogmat,Wolffiella lingulata,FALSE
spiny cocklebur,Xanthium spinosum,FALSE
rough cocklebur,Xanthium strumarium,TRUE
Canada cocklebur,Xanthium strumarium var. canadense,FALSE
Yellowhorn,Xanthoceras sorbifolium,FALSE
false carrot,Yabea microcarpa,TRUE
Yucca (banana yucca),Yucca baccata,TRUE
horned pondweed,Zannichellia palustris,TRUE
Fremont's deathcamas,Zigadenus fremontii,FALSE
Jujube,Ziziphus jujuba,FALSE
Parry's jujube,Ziziphus parryi,TRUE
seawrack,Zostera marina,TRUE