Common Name,Scientific Name
Okra,Abelmoschus esculentus
red sand verbena,Abronia maritima
pink sand verbena,Abronia umbellata
desert sand verbena,Abronia villosa
velvetleaf,Abutilon theophrasti
cootamundra wattle,Acacia baileyana
Silver Wattle Acacia,Acacia dealbata
green wattle,Acacia decurrens
Gum Acacia,Acacia farnesiana
Sydney golden wattle,Acacia longifolia
Australian Blackwood,Acacia melanoxylon
California copperleaf,Acalypha californica
Pineapple Guava,Acca sellowiana
bigleaf maple,Acer macrophyllum
common yarrow,Achillea millefolium
Dwarf Yarrow,Achillea tomentosa
giant ricegrass,Achnatherum coronatum
sacapellote,Acourtia microcephala
desertpeony,Acourtia nana
hardheads,Acroptilon repens
Silver Broom,Adenocarpus decorticans
chamise,Adenostoma fasciculatum
Urn Plant,Aechmea fasciata
California Buckeye,Aesculus californica 
Century Plant,Agave parryi
Rough Agave,Agave scabra (Agave asperrima)
Chinese Evergreen,Aglaonema crispum
southern mule-ears,Agnorhiza ovata
bigflower agoseris,Agoseris grandiflora
creeping bentgrass,Agrostis stolonifera
tree of heaven,Ailanthus altissima
White Sirus (Maharuk),Ailanthus triphysa
Alder,Alder oregona
camelthorn,Alhagi maurorum
Golden Trumpet Vine,Allamanda cathartica
fringed onion,Allium fimbriatum
redskin onion,Allium haematochiton
Golden Garlic,Allium moly
San Bernardino Mountain onion,Allium monticola
Mexicali onion,Allium peninsulare
early onion,Allium praecox
Garlic Chives,Allium tuberosum
sticky false gilyflower,Allophyllum glutinosum
white alder,Alnus rhombifolia
Giant Elephant Ear,Alocasia macrorrhiza
Aloe vera,Aloe vera
Sissoo Spinach,Alternanthera sissoo
prostrate pigweed,Amaranthus albus
mat amaranth,Amaranthus blitoides
largefruit amaranth,Amaranthus deflexus
slim amaranth,Amaranthus hybridus
carelessweed,Amaranthus palmeri
redroot amaranth,Amaranthus retroflexus
dwarf coastweed,Amblyopappus pusillus
flatspine bur ragweed,Ambrosia acanthicarpa
silver bur ragweed,Ambrosia chamissonis
Peruvian Ragweed,Ambrosia peruviana
Cuman ragweed,Ambrosia psilostachya
great ragweed,Ambrosia trifida
great ragweed,Ambrosia trifida var. trifida
valley redstem,Ammannia coccinea
grand redstem,Ammannia robusta
toothpickweed,Ammi visnaga
California false indigo,Amorpha californica
false indigo bush,Amorpha fruticosa
Elephant Foot Yam,Amorphophallus paeoniifolius
Douglas' fiddleneck,Amsinckia douglasiana
Menzies' fiddleneck,Amsinckia menziesii
common fiddleneck,Amsinckia menziesii var. intermedia
Menzies' fiddleneck,Amsinckia menziesii var. menziesii
Cashew,Anacardium occidentale
scarlet pimpernel,Anagallis arvensis
scarlet pimpernel,Anagallis arvensis ssp. arvensis
Stinking Bean Trefoil,Anagyris foetida
western pearly everlasting,Anaphalis margaritacea
yerba mansa,Anemopsis californica
Cherimoya,Annona cherimola
Soursop,Annona muricata
Large-Leaved Pussytoes,Antennaria plantaginifolia
stinking chamomile,Anthemis cotula
Monkey Comb,Apeiba tibourbou
field parsley piert,Aphanes arvensis
San Diego coastalcreeper,Aphanisma blitoides
mock parsley,Apiastrum angustifolium
wild celery,Apium graveolens
wild celery,Apium graveolens var. dulce
Indianhemp,Apocynum cannabinum
tower rockcress,Arabis glabra
sicklepod rockcress,Arabis sparsiflora
California rockcress,Arabis sparsiflora var. californica
Peanut,Arachis hypogaea
Perennial Peanut,Arachis Pintoi
California spikenard,Aralia californica
Bunya Pine,Araucaria bidwillii
Norfolk Island pine,Araucaria heterophylla
white bladderflower,Araujia sericifera
Pacific madrone,Arbutus menziesii
greater burdock,Arctium lappa
Dwarf Coastal Manzanita,Arctostaphylos edmundsii
Eastwood's manzanita,Arctostaphylos glandulosa
Zaca manzanita,Arctostaphylos glandulosa ssp. zacaensis
bigberry manzanita,Arctostaphylos glauca
Pringle manzanita,Arctostaphylos pringlei
pinkbracted manzanita,Arctostaphylos pringlei ssp. drupacea
Woollyleaf Manzanita,Arctostaphylos tomentosa
Mexican Poppy,Argemone mexicana
flatbud pricklypoppy,Argemone munita
flatbud pricklypoppy,Argemone munita ssp. robusta
silverweed cinquefoil,Argentina anserina
Pacific silverweed,Argentina egedii
Pacific silverweed,Argentina egedii ssp. egedii
sixweeks threeawn,Aristida adscensionis
purple threeawn,Aristida purpurea
Parish's threeawn,Aristida purpurea var. parishii
spidergrass,Aristida ternipes
spidergrass,Aristida ternipes var. gentilis
Giant Pelican Flower,Aristolochia gigantea
rayless arnica,Arnica discoidea
black chokeberry,Aronia malanocarpa
oatgrass,Arrhenatherum
tall oatgrass,Arrhenatherum elatius
tall oatgrass,Arrhenatherum elatius
biennial wormwood,Artemisia biennis
biennial wormwood,Artemisia biennis var. biennis
coastal sagebrush,Artemisia californica
Douglas' sagewort,Artemisia douglasiana
island sagebrush,Artemisia nesiotica
big sagebrush,Artemisia tridentata
basin big sagebrush,Artemisia tridentata ssp. tridentata
Parish's glasswort,Arthrocnemum subterminale
giant reed,Arundo donax
milkweed,Asclepias
California milkweed,Asclepias californica
Tropical Milkweed,Asclepias curassavica
woollypod milkweed,Asclepias eriocarpa
Mexican whorled milkweed,Asclepias fascicularis
Paw Paw,Asimina triloba
garden asparagus,Asparagus officinalis
California lacefern,Aspidotis californica
western spleenwort,Asplenium vespertinum
Dwarf Alpine Aster,Aster alpinus
San Joaquin milkvetch,Astragalus asymmetricus
Braunton's milkvetch,Astragalus brauntonii
Groundplum Milkvetch,Astragalus crassicarpus
dwarf white milkvetch,Astragalus didymocarpus
marsh milkvetch,Astragalus pycnostachyus
marsh milkvetch,Astragalus pycnostachyus var. lanosissimus
Santa Barbara milkvetch,Astragalus trichopodus
Santa Barbara milkvetch,Astragalus trichopodus var. lonchus
Santa Barbara milkvetch,Astragalus trichopodus var. phoxus
Santa Barbara milkvetch,Astragalus trichopodus var. trichopodus
Swamp Saltbush,Atriplex amnicola
silverscale saltbush,Atriplex argentea
silverscale saltbush,Atriplex argentea ssp. expansa
California saltbush,Atriplex californica
fourwing saltbush,Atriplex canescens
Fourwing Saltbush,Atriplex canescens
Coulter's saltbush,Atriplex coulteri
waxy saltbush,Atriplex glauca
big saltbush,Atriplex lentiformis
quailbush,Atriplex lentiformis ssp. breweri
big saltbush,Atriplex lentiformis ssp. lentiformis
beach saltbush,Atriplex leucophylla
Davidson's saltbush,Atriplex pacifica
Parish's saltbush,Atriplex parishii
triangle orache,Atriplex prostrata
tumbling saltweed,Atriplex rosea
Australian saltbush,Atriplex semibaccata
bractscale,Atriplex serenana
Davidson's bractscale,Atriplex serenana var. davidsonii
Watson's saltbush,Atriplex watsonii
slender oat,Avena barbata
wild oat,Avena fatua
Neem,Azadirachta indica
Pacific mosquitofern,Azolla filiculoides
saltmarsh baccharis,Baccharis douglasii
Emory's baccharis,Baccharis emoryi
coyotebrush,Baccharis pilularis
mule-fat,Baccharis salicifolia
Barbie Bamboo,Bambusa chungii 'Barbelatta'
Timor Black Bamboo,Bambusa lako
Punting Pole Bamboo,Bambusa tuldoides
Buddha's Belly Bamboo,Bambusa tuldoides 'Ventricosa'
American yellowrocket,Barbarea orthoceras
Malabar Spinach,Basella alba
fivehorn smotherweed,Bassia hyssopifolia
turtleweed,Batis maritima
sweetbush,Bebbia juncea
sweetbush,Bebbia juncea var. aspera
"Begonia, Wax",Begonia semperflorens
Oregon Grape,Berberis aquifolium
cutleaf waterparsnip,Berula erecta
common beet,Beta vulgaris
smooth beggartick,Bidens laevis
hairy beggarticks,Bidens pilosa
Hairy Beggar's Ticks,Bidens pilosa
common goldenstar,Bloomeria crocea
common goldenstar,Bloomeria crocea var. crocea
Parrotweed,Bocconia frutescens
Chinese grass,Boehmeria nivea
Borage,Borage officilalis
cane bluestem,Bothriochloa barbinodis
Great Bougainvillea,Bougainvillea spectabilis
Side Oats Grama,Bouteloua curtipendula
Blue Grama,Bouteloua gracilis
hoary bowlesia,Bowlesia incana
brown mustard,Brassica juncea
black mustard,Brassica nigra
field mustard,Brassica rapa
field mustard,Brassica rapa var. rapa
California brickellbush,Brickellia californica
threadleaf brodiaea,Brodiaea filifolia
chaparral brodiaea,Brodiaea jolonensis
Arizona brome,Bromus arizonicus
California brome,Bromus carinatus
California brome,Bromus carinatus
rescuegrass,Bromus catharticus
ripgut brome,Bromus diandrus
soft brome,Bromus hordeaceus
compact brome,Bromus madritensis
red brome,Bromus rubens
Paper Mulberry,Broussonetia papyrifera
Angel's Trumpet,Brugmansia x candida
Buffalograss,Buchloe dactyloides
Gumbo Limbo,Bursera simaruba
Jelly Palm,Butia capitata
Nance,Byrsonima crassifolia
Byttneria,Byttneria aculeata
Dwarf Ponciana,Caesalpinia pulcherrima
Pigeon Pea,Cajanus cajan
American searocket,Cakile edentula
European searocket,Cakile maritima
fire reedgrass,Calamagrostis koelerioides
fringed redmaids,Calandrinia ciliata
seaside petunia,Calibrachoa parviflora
Red Calliandra,Calliandra calothyrsus
incense cedar,Calocedrus decurrens
white fairy-lantern,Calochortus albus
Santa Catalina mariposa lily,Calochortus catalinae
plain mariposa lily,Calochortus invenustus
Plummer's mariposa lily,Calochortus plummerae
splendid mariposa lily,Calochortus splendens
Weed's mariposa lily,Calochortus weedii
Weed's mariposa lily,Calochortus weedii var. intermedius
Weed's mariposa lily,Calochortus weedii var. weedii
island false bindweed,Calystegia macrostegia
island false bindweed,Calystegia macrostegia ssp. arida
island false bindweed,Calystegia macrostegia ssp. cyclostegia
island false bindweed,Calystegia macrostegia ssp. intermedia
island false bindweed,Calystegia macrostegia ssp. tenuifolia
hedge false bindweed,Calystegia sepium
hedge false bindweed,Calystegia sepium ssp. limnophila
seashore false bindweed,Calystegia soldanella
littlepod false flax,Camelina microcarpa
southern suncup,Camissonia bistorta
yellow cups,Camissonia brevipes
California suncup,Camissonia californica
Mojave suncup,Camissonia campestris
beach suncup,Camissonia cheiranthifolia
beach suncup,Camissonia cheiranthifolia ssp. suffruticosa
San Bernardino suncup,Camissonia confusa
Santa Cruz Island suncup,Camissonia hirtella
Jurupa Hills suncup,Camissonia ignota
intermediate suncup,Camissonia intermedia
Lewis' evening primrose,Camissonia lewisii
miniature suncup,Camissonia micrantha
sandysoil suncup,Camissonia strigulosa
Jack Bean,Canavalia ensiformis
Sword Bean,Canavalia gladiata
Edible Canna,Canna edulis
shepherd's purse,Capsella bursa-pastoris
Pepper,Capsicum annuum
milkmaids,Cardamine californica
milkmaids,Cardamine californica var. californica
lenspod whitetop,Cardaria chalepensis
whitetop,Cardaria draba
hairy whitetop,Cardaria pubescens
sandcarpet,Cardionema ramosissimum
Italian plumeless thistle,Carduus pycnocephalus
winged plumeless thistle,Carduus tenuiflorus
Santa Barbara sedge,Carex barbarae
Copper-Shouldered Oval Sedge,Carex bicknellii
Plains Oval Sedge,Carex brevior
clustered field sedge,Carex praegracilis
Schott's sedge,Carex schottii
triangularfruit sedge,Carex triquetra
Chamburro Mountain Papaya,Carica Papaya
sea fig,Carpobrotus chilensis
hottentot fig,Carpobrotus edulis
woolly distaff thistle,Carthamus lanatus
woolly distaff thistle,Carthamus lanatus ssp. creticus
White Sapote,Casimiroa edulis
White Sapote,Casimiroa edulis
Golden Shower Tree,Cassia fistula
Pink Shower Tree,Cassia grandis
American chesnut,Castanea dentata
coast Indian paintbrush,Castilleja affinis
denseflower Indian paintbrush,Castilleja densiflora
denseflower Indian paintbrush,Castilleja densiflora ssp. gracilis
exserted Indian paintbrush,Castilleja exserta
Texas Indian paintbrush,Castilleja foliolosa
lesser Indian paintbrush,Castilleja minor
lesser Indian paintbrush,Castilleja minor ssp. spiralis
She-oak,Casuarina equisetifolia
Periwinkle (Vinca),Catharanthus roseus
wild cabbage,Caulanthus
claspingleaf wild cabbage,Caulanthus amplexicaulis
San Diego wild cabbage,Caulanthus heterophyllus
killer alga,Caulerpa taxifolia
Catalina Mountain Lilac,Ceanothus arboreus
Hoaryleaf Ceanothus,Ceanothus crassifolius
buckbrush,Ceanothus cuneatus
Cropleaf Ceanothus,Ceanothus divergens
Santa Barbara Ceanothus,Ceanothus impressus
deerbrush,Ceanothus integerrimus
chaparral whitethorn,Ceanothus leucodermis
Maritime Ceanothus,Ceanothus maritimus
bigpod ceanothus,Ceanothus megacarpus
Bigpod Ceanothus,Ceanothus megacarpus
Hairy Ceanothus,Ceanothus oliganthus
Palmer ceanothus,Ceanothus palmeri
wartleaf ceanothus,Ceanothus papillosus
wartleaf ceanothus,Ceanothus papillosus var. roweanus
Squaw Carpet,Ceanothus prostratus
Hollyleaf Ceanothus,Ceanothus purpureus
jimbrush,Ceanothus sorediatus
redheart,Ceanothus spinosus
woolyleaf ceanothus,Ceanothus tomentosus
Hackberry,Celtis occidentalis 
Chinese hackberry,Celtis sinensis
coastal sandbur,Cenchrus spinifex
Maltese star-thistle,Centaurea melitensis
charming centaury,Centaurium venustum
red valerian,Centranthus ruber
pappose tarweed,Centromadia parryi
pappose tarweed,Centromadia parryi ssp. australis
common tarweed,Centromadia pungens
common tarweed,Centromadia pungens ssp. laevis
sticky chickweed,Cerastium glomeratum
Carob,Ceratonia siliqua
Carob,Ceratonia siliqua
coon's tail,Ceratophyllum demersum
Eastern Redbud,Cercis canadensis 
alderleaf mountain mahogany,Cercocarpus montanus
alderleaf mountain mahogany,Cercocarpus montanus
birchleaf mountain mahogany,Cercocarpus montanus var. glaber
smooth mountain mahogany,Cercocarpus montanus var. minutiflorus
night jessamine,Cestrum nocturnum
white pincushion,Chaenactis artemisiifolia
yellow pincushion,Chaenactis glabriuscula
yellow pincushion,Chaenactis glabriuscula var. glabriuscula
yellow pincushion,Chaenactis glabriuscula var. lanosa
Orcutt's yellow pincushion,Chaenactis glabriuscula var. orcuttiana
"Palm, Parlor",Chamaedorea elegans
"Palm, Bamboo",Chamaedorea seifrizii
whitemargin sandmat,Chamaesyce albomarginata
spotted sandmat,Chamaesyce maculata
smallseed sandmat,Chamaesyce polycarpa
prostrate sandmat,Chamaesyce prostrata
thymeleaf sandmat,Chamaesyce serpyllifolia
thymeleaf sandmat,Chamaesyce serpyllifolia ssp. hirtella
thymeleaf sandmat,Chamaesyce serpyllifolia ssp. serpyllifolia
Newberry's lipfern,Cheilanthes newberryi
lambsquarters,Chenopodium album
lateflowering goosefoot,Chenopodium album var. striatum
pitseed goosefoot,Chenopodium berlandieri
California goosefoot,Chenopodium californicum
largeseed goosefoot,Chenopodium macrospermum
saltloving goosefoot,Chenopodium macrospermum var. halophilum
nettleleaf goosefoot,Chenopodium murale
Quinoa,Chenopodium quinoa
Snowberry,Chiococca alba
Rhodes grass,Chloris gayana
wavyleaf soap plant,Chlorogalum pomeridianum
wavyleaf soap plant,Chlorogalum pomeridianum var. pomeridianum
Spider Plant,Chlorophytum comosum
crossflower,Chorispora tenella
fringed spineflower,Chorizanthe fimbriata
fringed spineflower,Chorizanthe fimbriata var. fimbriata
Ramona spineflower,Chorizanthe leptotheca
San Bernardino spineflower,Chorizanthe parryi
San Fernando Valley spineflower,Chorizanthe parryi var. fernandina
knotweed spineflower,Chorizanthe polygonoides
knotweed spineflower,Chorizanthe polygonoides var. polygonoides
prostrate spineflower,Chorizanthe procumbens
turkish rugging,Chorizanthe staticoides
"Palm, Areca",Chrysalidocarpus lutescens
Shasta Daisy,Chrysanthemum x superbum 'Alaska'
Cocoplum,Chrysobalanus icaco
Star Apple,Chrysophyllum cainito
Vetiver Grass,Chrysopogon zizanioides
Chickpea,Cicer arietinum
chicory,Cichorium intybus
Chicory,Cichorium intybus
western water hemlock,Cicuta douglasii
spotted water hemlock,Cicuta maculata
spotted water hemlock,Cicuta maculata var. bolanderi
spotted water hemlock,Cicuta maculata var. maculata
Quinine Tree,Cinchona pubescens
Canada thistle,Cirsium arvense
clustered thistle,Cirsium brevistylum
cobwebby thistle,Cirsium occidentale
cobwebby thistle,Cirsium occidentale var. californicum
wavyleaf thistle,Cirsium undulatum
bull thistle,Cirsium vulgare
seaside pussypaws,Cistanthe maritima
common pussypaws,Cistanthe monandra
Rock rose,Cistus albidus
Watermelon,Citrullus lantanus
Key Lime,Citrus aurantifolia
Mandarin Orange,Citrus reticulata
Orange,Citrus sinensis
Botta's clarkia,Clarkia bottae
canyon clarkia,Clarkia epilobioides
winecup clarkia,Clarkia purpurea
winecup clarkia,Clarkia purpurea ssp. quadrivulnera
diamond clarkia,Clarkia rhomboidea
serpentine springbeauty,Claytonia exigua
miner's lettuce,Claytonia perfoliata
miner's lettuce,Claytonia perfoliata ssp. mexicana
pipestem clematis,Clematis lasiantha
western white clematis,Clematis ligusticifolia
ropevine clematis,Clematis pauciflora
Virginsbower Clematis,Clematis virginiana
bladderpod spiderflower,Cleome isomeris
San Miguel calamint,Clinopodium chandleri
Butterfly Pea,Clitoria ternatea
bush rue,Cneoridium dumosum
Chaya,Cnidoscolus aconitifolius
Coconut Palm,Cocos nucifera
Chinese houses,Collinsia concolor
purple Chinese houses,Collinsia heterophylla
Taro,Colocasia esculenta
summer holly,Comarostaphylis diversifolia
jio,Commelina benghalensis
commelina,Commelina coelestis
poison hemlock,Conium maculatum
doubtful knight's-spur,Consolida ajacis
mallow bindweed,Convolvulus althaeoides
field bindweed,Convolvulus arvensis
Texas bindweed,Convolvulus equitans
asthmaweed,Conyza bonariensis
Canadian horseweed,Conyza canadensis
saltmarsh bird's-beak,Cordylanthus maritimus
stiffbranch bird's beak,Cordylanthus rigidus
stiffbranch bird's beak,Cordylanthus rigidus ssp. setigerus
giant coreopsis,Coreopsis gigantea
common sandaster,Corethrogyne filaginifolia
common sandaster,Corethrogyne filaginifolia var. filaginifolia
coriander,Coriandrum sativum
Redoul,Coriaria myrtifolia
Brown Dogwood,Cornus glabrata
Cornelian Cherry Dogwood,Cornus mas
Roundleaf Dogwood,Cornus rugosa
redosier dogwood,Cornus sericea
lesser swinecress,Coronopus didymus
Uruguayan pampas grass,Cortaderia selloana
California Hazelnut or Beaked Hazel,Corylus cornuta
Filbert,Corylus maxima
Australian waterbuttons,Cotula australis
common brassbuttons,Cotula coronopifolia
pig's ear,Cotyledon orbiculata
water pygmyweed,Crassula aquatica
sand pygmyweed,Crassula connata
sand pygmyweed,Crassula connata var. erectoides
Azarole,Crataegus azarolus
spreading alkaliweed,Cressa truxillensis
Showy Rattlebox,Crotalaria spectabilis
California croton,Croton californicus
California croton,Croton californicus var. tenuis
dove weed,Croton setigerus
"Croton, Purging",Croton tiglium
swamp pricklegrass,Crypsis schoenoides
modest prickle grass,Crypsis vaginiflora
weakstem cryptantha,Cryptantha flaccida
Clearwater cryptantha,Cryptantha intermedia
coastal cryptantha,Cryptantha leiocarpa
Tejon cryptantha,Cryptantha microstachys
pointed cryptantha,Cryptantha muricata
fingerleaf gourd,Cucurbita digitata
Missouri gourd,Cucurbita foetidissima
Cumin,Cuminum cyminum
chaparral dodder,Cuscuta californica
canyon dodder,Cuscuta ceanothi
saltmarsh dodder,Cuscuta salina
goldenthread,Cuscuta salina var. major
goldenthread,Cuscuta salina var. papillata
Morocco knapweed,Cyanopsis muricata
"Tree Fern, Rough",Cyathea australis
winged pigweed,Cycloloma atriplicifolium
Quince,Cydonia oblonga
cholla,Cylindropuntia
California cholla,Cylindropuntia californica
brownspined pricklypear,Cylindropuntia californica var. parkeri
coastal cholla,Cylindropuntia prolifera
Kenilworth ivy,Cymbalaria muralis
Lemongrass,Cymbopogon citratus
cardoon,Cynara cardunculus
Cardoon/Artichoke Thistle,Cynara cardunculus
Bermudagrass,Cynodon
Bermudagrass,Cynodon dactylon
tall flatsedge,Cyperus eragrostis
redroot flatsedge,Cyperus erythrorhizos
yellow nutsedge,Cyperus esculentus
yellow nutsedge,Cyperus esculentus var. leptostachyus
smooth flatsedge,Cyperus laevigatus
black flatsedge,Cyperus niger
fragrant flatsedge,Cyperus odoratus
bearded flatsedge,Cyperus squarrosus
bladderfern,Cystopteris
brittle bladderfern,Cystopteris fragilis
orchardgrass,Dactylis glomerata
Orchardgrass,Dactylis glomerata
False Hemp,Datisca cannabina
Durango root,Datisca glomerata
jimsonweed,Datura stramonium
sacred thorn-apple,Datura wrightii
Queen Anne's lace,Daucus carota
American wild carrot,Daucus pusillus
Cape-ivy,Delairea odorata
seaside delosperma,Delosperma litorale
scarlet larkspur,Delphinium cardinale
San Bernardino larkspur,Delphinium parryi
zigzag larkspur,Delphinium patens
zigzag larkspur,Delphinium patens ssp. hepaticoideum
Mei-Nung Bamboo,Dendrocalamus latiflorus 'Mei-Nung'
Solid Bamboo,Dendrocalamus strictus
tree poppy,Dendromecon rigida
Pacific hairgrass,Deschampsia holciformis
western tansymustard,Descurainia pinnata
Menzies' tansymustard,Descurainia pinnata ssp. menziesii
Elegant Tick Trefoil,Desmodium elegans
tapered rosette grass,Dichanthelium acuminatum
bluedicks,Dichelostemma capitatum
California ponysfoot,Dichondra donelliana
western ponysfoot,Dichondra occidentalis
hairy crabgrass,Digitaria sanguinalis
Asian Persimmon,Diospyros kaki
American Persimmon,Diospyros virginiana
orange bush monkeyflower,Diplacus aurantiacus
Cleveland's bush monkeyflower,Diplacus clevelandii
southern bush monkeyflower,Diplacus longiflorus
red bush monkeyflower,Diplacus puniceus
annual wallrocket,Diplotaxis muralis
perennial wallrocket,Diplotaxis tenuifolia
saltgrass,Distichlis spicata
padre's shootingstar,Dodecatheon clevelandii
Florida hopbush,Dodonaea viscosa
Hairy Canary Clover,Dorycnium hirsutum
wedgeleaf draba,Draba cuneifolia
"Dracaena 'Warneckei""",Dracaena deremensis 'Warneckei'
"Dragon Tree, Madagascar",Dracaena marginata
royal dewflower,Drosanthemum speciosum
coastal woodfern,Dryopteris arguta
Blochman's liveforever,Dudleya blochmaniae
sealettuce,Dudleya caespitosa
canyon liveforever,Dudleya cymosa
Santa Monica Mountains dudleya,Dudleya cymosa ssp. ovatifolia
fingertips,Dudleya edulis
lanceleaf liveforever,Dudleya lanceolata
manystem liveforever,Dudleya multicaulis
chalk dudleya,Dudleya pulverulenta
Laguna Beach liveforever,Dudleya stolonifera
bright green dudleya,Dudleya virens
sticky liveforever,Dudleya viscida
Mexican tea,Dysphania ambrosioides
cockspur grass,Echinochloa
jungle rice,Echinochloa colona
barnyardgrass,Echinochloa crus-galli
billion-dollar grass,Echinochloa frumentacea
rough barnyardgrass,Echinochloa muricata
upright burhead,Echinodorus berteroi
false daisy,Eclipta prostrata
golden eardrops,Ehrendorferia chrysantha
yellow bleeding heart,Ehrendorferia ochroleuca
common water hyacinth,Eichhornia crassipes
Silver berry,Elaeagnus commutata
Autumn Olive,Elaeagnus umbellata
shortseed waterwort,Elatine brachysperma
needle spikerush,Eleocharis acicularis
needle spikerush,Eleocharis acicularis var. acicularis
Canada spikesedge,Eleocharis geniculata
pale spikerush,Eleocharis macrostachya
sand spikerush,Eleocharis montevidensis
dwarf spikerush,Eleocharis parvula
rooted spikerush,Eleocharis radicans
beaked spikerush,Eleocharis rostellata
finger millet,Eleusine coracana
African finger millet,Eleusine coracana ssp. africana
blue wildrye,Elymus glaucus
Jepson's blue wildrye,Elymus glaucus ssp. jepsonii
big squirreltail,Elymus multisetus
quackgrass,Elymus repens
Silky Wild Rye,Elymus villosus
spiny threecornerjack,Emex spinosa
whisperingbells,Emmenanthe penduliflora
California brittlebush,Encelia californica
brittlebush,Encelia farinosa
hummingbird trumpet,Epilobium canum
fringed willowherb,Epilobium ciliatum
stream orchid,Epipactis gigantea
Golden Pothos,Epipremnum aureum
field horsetail,Equisetum arvense
smooth horsetail,Equisetum laevigatum
giant horsetail,Equisetum telmateia
giant horsetail,Equisetum telmateia var. braunii
Lehmann lovegrass,Eragrostis lehmanniana
Mexican lovegrass,Eragrostis mexicana
Mexican lovegrass,Eragrostis mexicana ssp. virescens
giant woollystar,Eriastrum densifolium
giant woollystar,Eriastrum densifolium ssp. sanctorum
sapphire woollystar,Eriastrum sapphirinum
cliff goldenbush,Ericameria cuneata
narrowleaf goldenbush,Ericameria linearifolia
Palmer's goldenbush,Ericameria palmeri
Palmer's rabbitbrush,Ericameria palmeri var. pachylepis
Parish's rabbitbrush,Ericameria parishii
pinebush,Ericameria pinifolia
spreading fleabane,Erigeron divergens
leafy fleabane,Erigeron foliosus
Philadelphia fleabane,Erigeron philadelphicus
Prairie Fleabane,Erigeron strigosus
Loquat,Eriobotrya japonica
thickleaf yerba santa,Eriodictyon crassifolium
poodle-dog bush,Eriodictyon parryi
hairy yerba santa,Eriodictyon trichocalyx
longstem buckwheat,Eriogonum elongatum
Eastern Mojave buckwheat,Eriogonum fasciculatum
Eastern Mojave buckwheat,Eriogonum fasciculatum var. foliolosum
Eastern Mojave buckwheat,Eriogonum fasciculatum var. polifolium
slender woolly buckwheat,Eriogonum gracile
slender woolly buckwheat,Eriogonum gracile var. incultum
naked buckwheat,Eriogonum nudum
naked buckwheat,Eriogonum nudum var. pauciflorum
seacliff buckwheat,Eriogonum parvifolium
Thurber's buckwheat,Eriogonum thurberi
bastardsage,Eriogonum wrightii
bastardsage,Eriogonum wrightii var. subscaposum
golden-yarrow,Eriophyllum confertiflorum
golden-yarrow,Eriophyllum confertiflorum var. confertiflorum
longbeak stork's bill,Erodium botrys
redstem stork's bill,Erodium cicutarium
musky stork's bill,Erodium moschatum
musky stork's bill,Erodium moschatum var. moschatum
Arugula,Eruca versicaria sativa
Basul,Erythrina edulis
Coral Bean,Erythrina fusca
California poppy,Eschscholzia californica
California poppy,Eschscholzia californica ssp. californica
spotted hideseed,Eucrypta chrysanthemifolia
Surinam Cherry,Eugenia uniflora
Strawberry Bush,Euonymus americanus
Wintercreeper,Euonymus fortunei
Chinese caps,Euphorbia crenulata
Asthma Weed,Euphorbia hirta
moleplant,Euphorbia lathyris
cliff spurge,Euphorbia misera
petty spurge,Euphorbia peplus
Poinsettia,Euphorbia pulcherrima
warty spurge,Euphorbia spathulata
Indiantree spurge,Euphorbia tirucalli
roughleaf aster,Eurybia radulina
catchfly prairie gentian,Eustoma exaltatum
western goldentop,Euthamia occidentalis
American beech,Fagus grandiflora
"Fig, Weeping",Ficus benjamina
Common Fig,Ficus carica
Rubber Plant,Ficus robusta
sweet fennel,Foeniculum vulgare
Woodland Strawberry,Fragaria californica
Beach Strawberry,Fragaria chiloensis
California buckthorn,Frangula californica
California buckthorn,Frangula californica ssp. cuspidata
California buckthorn,Frangula californica ssp. tomentella
alkali seaheath,Frankenia salina
California ash,Fraxinus dipetala
velvet ash,Fraxinus velutina
Chica,Fridericia chica
chocolate lily,Fritillaria biflora
fineleaf fumitory,Fumaria parviflora
fringed twinevine,Funastrum cynanchoides
Hartweg's twinevine,Funastrum cynanchoides ssp. heterophyllum
Gaillardia Hybrids,Gaillardia grandiflora
gallant soldier,Galinsoga parviflora
narrowleaf bedstraw,Galium angustifolium
stickywilly,Galium aparine
climbing bedstraw,Galium nuttallii
wall bedstraw,Galium parisiense
graceful bedstraw,Galium porrigens
threepetal bedstraw,Galium trifidum
threepetal bedstraw,Galium trifidum ssp. columbianum
spoonleaf purple everlasting,Gamochaeta purpurea
ashy silktassel,Garrya flavescens
canyon silktassel,Garrya veatchii
nit grass,Gastridium phleoides
scarlet beeblossom,Gaura coccinea
Drummond's beeblossom,Gaura drummondii
wavyleaf beeblossom,Gaura sinuata
spreading groundsmoke,Gayophytum diffusum
spreading groundsmoke,Gayophytum diffusum ssp. parviflorum
Carolina geranium,Geranium carolinianum
Tropical Black Bamboo,Gigantochloa atroviolacea
California gilia,Gilia achilleifolia
California gilia,Gilia achilleifolia ssp. multicaulis
chaparral gilia,Gilia angelensis
bluehead gilia,Gilia capitata
bluehead gilia,Gilia capitata ssp. abrotanifolia
Ginkgo,Ginkgo biloba
Italian gladiolus,Gladiolus italicus
crowndaisy,Glebionis coronarium
Honey locust,Gleditsia tricanthos
American licorice,Glycyrrhiza lepidota
western marsh cudweed,Gnaphalium palustre
Great Valley gumweed,Grindelia camporum
bract gumweed,Grindelia camporum var. bracteosa
Guadua Velutina Bamboo,Guadua velutina
San Joaquin snakeweed,Gutierrezia californica
broom snakeweed,Gutierrezia sarothrae
Okinawa Spinach,Gynura bicolor
barbgrass,Hainardia cylindrica
Palmer's grapplinghook,Harpagonella palmeri
sawtooth goldenbush,Hazardia squarrosa
sawtooth bristleweed,Hazardia squarrosa var. grindelioides
English ivy,Hedera helix
Algerian ivy,Hedera helix ssp. canariensis
Cretanweed,Hedypnois cretica
rosilla,Helenium puberulum
Bisbee Peak rushrose,Helianthemum scoparium
common sunflower,Helianthus annuus
Texas blueweed,Helianthus ciliaris
slender sunflower,Helianthus gracilentus
Nuttall's sunflower,Helianthus nuttallii
Parish's sunflower,Helianthus nuttallii ssp. parishii
rough false goldeneye,Heliomeris hispida
salt heliotrope,Heliotropium curassavicum
seaside heliotrope,Heliotropium curassavicum var. oculatum
clustered tarweed,Hemizonia fasciculata
Kellogg's tarweed,Hemizonia kelloggii
western stingingnettle,Hesperocnide tenella
tecate cypress,Hesperocyparis forbesii
chaparral yucca,Hesperoyucca whipplei
toyon,Heteromeles arbutifolia
telegraphweed,Heterotheca grandiflora
sessileflower false goldenaster,Heterotheca sessiliflora
sessileflower false goldenaster,Heterotheca sessiliflora ssp. echioides
sessileflower false goldenaster,Heterotheca sessiliflora ssp. fastigiata
Cranberry Hibiscus,Hibiscus acetosella
Chinese Hibiscus,Hibiscus rosa-sinensis
Roselle,Hibiscus sabdariffa
flower of an hour,Hibiscus trionum
shortpod mustard,Hirschfeldia incana
large leather-root,Hoita macrostachya
roundleaf leather-root,Hoita orbicularis
yellowflower tarweed,Holocarpha virgata
wand tarbush,Holocarpha virgata ssp. elongata
oceanspray,Holodiscus discolor
meadow barley,Hordeum brachyantherum
California barley,Hordeum brachyantherum ssp. californicum
dwarf barley,Hordeum depressum
bobtail barley,Hordeum intercedens
seaside barley,Hordeum marinum
Mediterranean barley,Hordeum marinum ssp. gussoneanum
mouse barley,Hordeum murinum
smooth barley,Hordeum murinum ssp. glaucum
hare barley,Hordeum murinum ssp. leporinum
common barley,Hordeum vulgare
wedgeleaf horkelia,Horkelia cuneata
wedgeleaf horkelia,Horkelia cuneata ssp. puberula
Witch's Teeth,Hosackia gracilis
Japanese Raisin,Hovenia dulcis
redray alpinegold,Hulsea heterochroma
floating marshpennywort,Hydrocotyle ranunculoides
manyflower marshpennywort,Hydrocotyle umbellata
whorled marshpennywort,Hydrocotyle verticillata
Loomis' thimblehead,Hymenothrix loomisii
smooth cat's ear,Hypochaeris glabra
hairy cat's ear,Hypochaeris radicata
Ice-cream-bean,Inga edulis
Kangkong,Ipomoea aquatica
Sweet Potato,Ipomoea batatas
tall morning-glory,Ipomoea purpurea
Bearded Iris,Iris hybrida
Menzies' goldenbush,Isocoma menziesii
Menzies' goldenbush,Isocoma menziesii var. decumbens
Menzies' goldenbush,Isocoma menziesii var. sedoides
Menzies' goldenbush,Isocoma menziesii var. vernonioides
low bulrush,Isolepis cernua
povertyweed,Iva axillaris
marsh jaumea,Jaumea carnosa
Parry's jepsonia,Jepsonia parryi
Heartnut,Juglans ailantifolia
Southern California walnut,Juglans californica
Black walnut,Juglans nigra
English walnut,Juglans regia
spiny rush,Juncus acutus
Leopold's rush,Juncus acutus ssp. leopoldii
seasice rush,Juncus ambiguus
arctic rush,Juncus arcticus
mountain rush,Juncus arcticus ssp. littoralis
toad rush,Juncus bufonius
Mexican rush,Juncus mexicanus
pointed rush,Juncus oxymeris
wrinkled rush,Juncus rugulosus
basket rush,Juncus textilis
Torrey's rush,Juncus torreyi
irisleaf rush,Juncus xiphioides
California juniper,Juniperus californica
Flaming Katy,Kalanchoe blossfeldiana
Air Plant,Kalanchoe pinnatum
snapdragon penstemon,Keckiella antirrhinoides
heartleaf keckiella,Keckiella cordifolia
scarlet keckiella,Keckiella ternata
sharpleaf cancerwort,Kickxia elatine
Lablab Bean (Hyacinth Bean),Lablab purpureus
prickly lettuce,Lactuca serriola
Coulter's horseweed,Laennecia coulteri
goldentop grass,Lamarckia aurea
henbit deadnettle,Lamium amplexicaule
creeping redflush,Lampranthus multiradiatus
leather spineflower,Lastarriaea coriacea
California goldfields,Lasthenia californica
royal goldfields,Lasthenia coronaria
yellowray goldfields,Lasthenia glabrata
Coulter's goldfields,Lasthenia glabrata ssp. coulteri
smallray goldfields,Lasthenia microglossa
Tangier pea,Lathyrus tingitanus
Pacific pea,Lathyrus vestitus
Alefeld's pea,Lathyrus vestitus ssp. alefeldii
Lavender,Lavandula angustifolia
tree lavatera,Lavatera olbia
coastal tidytips,Layia platyglossa
Monkey Pot,Lecythis pisonis
common duckweed,Lemna minor
star duckweed,Lemna trisulca
Santa Ana pitchersage,Lepechinia cardiophylla
shaggyfruit pepperweed,Lepidium lasiocarpum
broadleaved pepperweed,Lepidium latifolium
shining pepperweed,Lepidium nitidum
Virginia pepperweed,Lepidium virginicum
hairy pepperweed,Lepidium virginicum var. pubescens
Robinson's pepperweed,Lepidium virginicum var. robinsonii
California broomsage,Lepidospartum squamatum
Malabar sprangletop,Leptochloa fusca
Mexican sprangletop,Leptochloa fusca ssp. uninervia
California prickly phlox,Leptodactylon californicum
California prickly phlox,Leptodactylon californicum ssp. leptotrichomum
whiskerbrush,Leptosiphon ciliatus
many-flower linanthus,Leptosiphon floribundum
manyflower linanthus,Leptosiphon floribundum ssp. glaber
narrowflower flaxflower,Leptosiphon liniflorus
White Leadtree,Leucaena leucocephala
giant wildrye,Leymus condensatus
beardless wildrye,Leymus triticoides
Humboldt lily,Lilium humboldtii
Humboldt's lily,Lilium humboldtii ssp. ocellatum
rock sea-lavender,Limonium binervosum
marsh rosemary,Limonium californicum
Perez's sea lavender,Limonium perezii
fringed linanthus,Linanthus dianthiflorus
clovenlip toadflax,Linaria bipartita
Moroccan toadflax,Linaria maroccana
pineneedle toadflax,Linaria pinifolia
yellowseed false pimpernel,Lindernia dubia
yellowseed false pimpernel,Lindernia dubia var. anagallidea
common flax,Linum usitatissimum
Mexican Oregano,Lippia graveolens
Lily Turf,Liriope spicata
San Francisco woodland-star,Lithophragma affine
mission woodland-star,Lithophragma cymbalaria
sweet alyssum,Lobularia maritima
spreading pygmyleaf,Loeflingia squarrosa
Arizona cottonrose,Logfia arizonica
California cottonrose,Logfia californica
perennial ryegrass,Lolium perenne
Italian ryegrass,Lolium perenne ssp. multiflorum
Darnel ryegrass,Lolium temulentum
desertparsley,Lomatium
woollyfruit desertparsley,Lomatium dasycarpum
shiny biscuitroot,Lomatium lucidum
common lomatium,Lomatium utriculatum
Japanese honeysuckle,Lonicera japonica
southern honeysuckle,Lonicera subspicata
Santa Barbara honeysuckle,Lonicera subspicata var. denudata
Johnston's honeysuckle,Lonicera subspicata var. johnstonii
silver bird's-foot trefoil,Lotus argophyllus
big deervetch,Lotus crassifolius
San Diego bird's-foot trefoil,Lotus hamatus
Heermann's bird's-foot trefoil,Lotus heermannii
coastal bird's-foot trefoil,Lotus salsuginosus
coastal bird's-foot trefoil,Lotus salsuginosus var. brevivexillus
common deerweed,Lotus scoparius
strigose bird's-foot trefoil,Lotus strigosus
American bird's-foot trefoil,Lotus unifoliolatus
Chilean bird's-foot trefoil,Lotus wrangelianus
floating primrose-willow,Ludwigia peploides
lupine,Lupinus
miniature lupine,Lupinus bicolor
whitewhorl lupine,Lupinus densiflorus
whitewhorl lupine,Lupinus densiflorus var. densiflorus
grape soda lupine,Lupinus excubitus
Hall's bush lupine,Lupinus excubitus var. hallii
stinging annual lupine,Lupinus hirsutissimus
broadleaf lupine,Lupinus latifolius
broadleaf lupine,Lupinus latifolius ssp. parishii
longleaf bush lupine,Lupinus longifolius
sky lupine,Lupinus nanus
sky lupine,Lupinus nanus ssp. nanus
Mt. Diablo lupine,Lupinus pachylobus
Coulter's lupine,Lupinus sparsiflorus
valley lupine,Lupinus subvexus
valley lupine,Lupinus subvexus var. subvexus
hollowleaf annual lupine,Lupinus succulentus
collared annual lupine,Lupinus truncatus
rose campion,Lychnis coronaria
Baja desert-thorn,Lycium brevipes
California desert-thorn,Lycium californicum
American water horehound,Lycopus americanus
California loosestrife,Lythrum californicum
hyssop loosestrife,Lythrum hyssopifolium
Macadamia Nut,Macadamia integrifolia
Mandarin Melonberry or Che,Maclura tricuspidata
grassy tarweed,Madia gracilis
Oregon grape,Mahonia aquifolium
Cascade Barberry,Mahonia nervosa
Wayleaf Barberry,Mahonia pinnata
yellowstem bushmallow,Malacothamnus densiflorus
Bush mallow,Malacothamnus fasciculatus
Mendocino bushmallow,Malacothamnus fasciculatus
smooth desertdandelion,Malacothrix glabrata
cliff desertdandelion,Malacothrix saxatilis
cliff desertdandelion,Malacothrix saxatilis var. tenuifolia
coppery mesemb,Malephora crocea
laurel sumac,Malosma laurina
common mallow,Malva neglecta
bull mallow,Malva nicaeensis
cheeseweed mallow,Malva parviflora
alkali mallow,Malvella leprosa
Cassava,Manihot esculenta
Sapodilla,Manilkara zapota
Cucamonga manroot,Marah macrocarpus
horehound,Marrubium vulgare
nardoo,Marsilea drummondii
hairy waterclover,Marsilea vestita
disc mayweed,Matricaria discoidea
valley mayweed,Matricaria occidentalis
tenweeks stock,Matthiola incana
Japanese mazus,Mazus pumilus
smallflower fairypoppy,Meconella denticulata
black medick,Medicago lupulina
little bur-clover,Medicago minima
burclover,Medicago polymorpha
alfalfa,Medicago sativa
honey-flower,Melianthus major
smallflower melicgrass,Melica imperfecta
annual yellow sweetclover,Melilotus indicus
sweetclover,Melilotus officinalis
yellowcomet,Mentzelia affinis
bushy blazingstar,Mentzelia dispersa
San Luis blazingstar,Mentzelia micrantha
q-tips,Micropus californicus
q-tips,Micropus californicus var. californicus
Douglas' silverpuffs,Microseris douglasii
Douglas' silverpuffs,Microseris douglasii ssp. platycarpha
Douglas' silverpuffs,Microseris douglasii ssp. tenella
grassland silverpuffs,Microseris heterocarpa
Lindley's silverpuffs,Microseris lindleyi
false monkeyflower,Mimetanthe pilosa
widethroat yellow monkeyflower,Mimulus brevipes
scarlet monkeyflower,Mimulus cardinalis
Palomar monkeyflower,Mimulus diffusus
manyflowered monkeyflower,Mimulus floribundus
seep monkeyflower,Mimulus guttatus
desert wishbone-bush,Mirabilis laevis
narrowleaf four o'clock,Mirabilis linearis
Colorado four o'clock,Mirabilis multiflora
Colorado four o'clock,Mirabilis multiflora var. pubescens
Carolina bristlemallow,Modiola caroliniana
green carpetweed,Mollugo verticillata
shoregrass,Monanthochloe littoralis
thickleaf monardella,Monardella hypoleuca
feltleaf monardella,Monardella hypoleuca ssp. lanata
mustang monardella,Monardella lanceolata
red monardella,Monardella macrantha
Hall's monardella,Monardella macrantha ssp. hallii
yellow monardella,Monardella nana
Nuttall's povertyweed,Monolepis nuttalliana
Moringa,Moringa oleifera
Weeping Mulberry,Morus alba 'Chaparral'
White Mulberry,Morus alba 'White Mulberry'
Pakistani Red Mulberry,Morus rubra 'Pakistan'
California spineflower,Mucronea californica
scratchgrass,Muhlenbergia asperifolia
littleseed muhly,Muhlenbergia microsperma
Curry Leaf Plant,Murraya koenigii
ngaio tree,Myoporum laetum
Eurasian watermilfoil,Myriophyllum spicatum
nodding waternymph,Najas flexilis
southern waternymph,Najas guadalupensis
southern waternymph,Najas guadalupensis ssp. guadalupensis
mud fiddleleaf,Nama stenocarpum
foothill needlegrass,Nassella lepida
purple needlegrass,Nassella pulchra
Gambel's yellowcress,Nasturtium gambelii
watercress,Nasturtium officinale
prostrate pincushionplant,Navarretia prostrata
cottonheads,Nemacaulis denudata
cottonheads,Nemacaulis denudata var. denudata
longflower threadplant,Nemacladus longiflorus
smallflower threadplant,Nemacladus ramosissimus
baby blue eyes,Nemophila menziesii
baby blue eyes,Nemophila menziesii var. integrifolia
Kellogg snapdragon,Neogaerrhinum strictum
Blushing Bromeliad,Neoregelia carolinae
Rambutan,Nephelium lappaceum
"Fern, Sword (Boston Fern)",Nephrolepis exaltata
Cleveland's tobacco,Nicotiana clevelandii
tree tobacco,Nicotiana glauca
Indian tobacco,Nicotiana quadrivalvis
Bigelow's tobacco,Nicotiana quadrivalvis var. bigelovii
Wallace's tobacco,Nicotiana quadrivalvis var. wallacei
boraxweed,Nitrophila occidentalis
Bigelow's nolina,Nolina bigelovii
Peninsular beargrass,Nolina cismontana
Parry's beargrass,Nolina parryi
California cloak fern,Notholaena californica
Canada toadflax,Nuttallanthus canadensis
Texas toadflax,Nuttallanthus texanus
water parsely,Oenanthe sarmentosa
California evening primrose,Oenothera californica
Hooker's evening primrose,Oenothera elata
Hooker's evening primrose,Oenothera elata ssp. hirsutissima
Hooker's evening primrose,Oenothera elata ssp. hookeri
pinkladies,Oenothera speciosa
Olive,Olea europaea
lineleaf whitepuff,Oligomeris linifolia
stinknet,Oncosiphon piluliferum
Common Sainfoin,Onobrychis viciifolia
California adderstongue,Ophioglossum californicum
coastal pricklypear,Opuntia littoralis
pricklypear,Opuntia occidentalis
chaparral pricklypear,Opuntia oricola
Vasey's coastal pricklypear,Opuntia vaseyi
Oregano,Origanum vulgare
African Rice,Oryza glaberrima
Upland Rice,Oryza sativa
false rosinweed,Osmadenia tenella
California sweetcicely,Osmorhiza brachypoda
Mexican Weeping Bamboo,Otatea acuminata 'Aztecorum'
radishroot woodsorrel,Oxalis albicans
California woodsorrel,Oxalis albicans ssp. californica
Bermuda buttercup,Oxalis pes-caprae
threelobe oxytheca,Oxytheca trilobata
Andean Yam Bean,Pachyrhizus ahipa
California peony,Paeonia californica
estrella de mar,Pallenis maritima
western poppy,Papaver californicum
curved sicklegrass,Parapholis incurva
rillita pellitory,Parietaria hespera
spreading pellitory,Parietaria judaica
dallisgrass,Paspalum dilatatum
knotgrass,Paspalum distichum
seashore paspalum,Paspalum vaginatum
Passion Fruit,Passiflora edulis
sagebrush combseed,Pectocarya linearis
sagebrush combseed,Pectocarya linearis ssp. ferocula
sleeping combseed,Pectocarya penicillata
Indian warrior,Pedicularis densiflora
regal pelargonium,Pelargonium domesticum
oakleaf garden geranium,Pelargonium panduriforme
oakleaf geranium,Pelargonium quercifolium
coffee cliffbrake,Pellaea andromedifolia
birdfoot cliffbrake,Pellaea mucronata
California cliffbrake,Pellaea mucronata ssp. californica
buffelgrass,Pennisetum ciliare
kikuyugrass,Pennisetum clandestinum
pearl millet,Pennisetum glaucum
crimson fountaingrass,Pennisetum setaceum
feathertop,Pennisetum villosum
scarlet bugler,Penstemon centranthifolius
bunchleaf penstemon,Penstemon heterophyllus
foothill beardtongue,Penstemon heterophyllus ssp. australis
mountain blue penstemon,Penstemon laetus
beardtongue,Penstemon parishii
showy penstemon,Penstemon spectabilis
showy penstemon,Penstemon spectabilis ssp. subviscosus
golden chaetopappa,Pentachaeta aurea
Allen's pentachaeta,Pentachaeta aurea ssp. allenii
goldback fern,Pentagramma triangularis
silverback fern,Pentagramma triangularis ssp. viscosa
Gardner's yampah,Perideridia gairdneri
Avocado,Persea americana
shortlobe phacelia,Phacelia brachyloba
caterpillar phacelia,Phacelia cicutaria
caterpillar phacelia,Phacelia cicutaria var. hispida
Great Valley phacelia,Phacelia ciliata
distant phacelia,Phacelia distans
largeflower phacelia,Phacelia grandiflora
imbricate phacelia,Phacelia imbricata
wild canterbury bells,Phacelia minor
Parry's phacelia,Phacelia parryi
branching phacelia,Phacelia ramosissima
branching phacelia,Phacelia ramosissima var. austrolitoralis
branching phacelia,Phacelia ramosissima var. latifolia
sweetscented phacelia,Phacelia suaveolens
Keck's phacelia,Phacelia suaveolens ssp. keckii
lacy phacelia,Phacelia tanacetifolia
littleseed canarygrass,Phalaris minor
"Palm, Pygmy Date",Phoenix roebelenii
blue fiestaflower,Pholistoma auritum
Colorado Desert mistletoe,Phoradendron macrophyllum
common reed,Phragmites australis
lanceleaf fogfruit,Phyla lanceolata
Torrey's surfgrass,Phyllospadix torreyi
Fish Pole Bamboo,Phyllostachys aurea
Yellow Groove Bamboo,Phyllostachys aureosulcata
Golden Crookstem Bamboo,Phyllostachys aureosulcata 'Aureocaulis'
Harbin Inversa Bamboo,Phyllostachys aureosulcata 'Harbin Inversa'
Spectabilis Bamboo,Phyllostachys aureosulcata 'Spectabilis'
Beautiful Bamboo,Phyllostachys mannii 'Decora'
Nude Sheath Bamboo,Phyllostachys nuda
Parvifolia Bamboo,Phyllostachys parvifolia
Red Margin Bamboo,Phyllostachys rubromarginata
Stimulosa Bamboo,Phyllostachys stimulosa
Chinese Timber Bamboo,Phyllostachys vivax
Golden Vivax Bamboo,Phyllostachys vivax 'Aureocaulis'
Yellow Groove Vivax Bamboo,Phyllostachys vivax 'Huangwenzhu'
sharpleaf groundcherry,Physalis acutifolia
yellow nightshade groundcherry,Physalis crassifolia
field groundcherry,Physalis mollis
Mexican groundcherry,Physalis philadelphica
Mexican groundcherry,Physalis philadelphica var. immaculata
chaparral pea,Pickeringia montana
bristly oxtongue,Picris echioides
American pillwort,Pilularia americana
Allspice,Pimenta dioica
knobcone pine,Pinus attenuata
Coulter pine,Pinus coulteri
Italian stone pine,Pinus pinea
"Pine, Italian Stone",Pinus pinea
Cooper's rein orchid,Piperia cooperi
narrow-petal rein orchid,Piperia leptopetala
slender-spire orchid,Piperia unalascensis
smilograss,Piptatherum miliaceum
Pistachio,Pistacia vera
adobe popcornflower,Plagiobothrys acanthocarpus
Cooper's popcornflower,Plagiobothrys collinus
Cooper's popcornflower,Plagiobothrys collinus var. californicus
rusty popcornflower,Plagiobothrys nothofulvus
sand plantain,Plantago arenaria
prairie plantain,Plantago elongata
dotseed plantain,Plantago erecta
narrowleaf plantain,Plantago lanceolata
common plantain,Plantago major
goose tongue,Plantago maritima
desert Indianwheat,Plantago ovata
redseed plantain,Plantago rhodosperma
tall coastal plantain,Plantago subnuda
California sycamore,Platanus racemosa
creamcups,Platystemon californicus
petite licorice,Plecostachys serpyllifolia
sweetscent,Pluchea odorata
arrowweed,Pluchea sericea
Cape leadwort,Plumbago auriculata
annual bluegrass,Poa annua
Howell's bluegrass,Poa howellii
Sandberg bluegrass,Poa secunda
California manyseed,Polycarpon depressum
Sierra milkwort,Polygala cornuta
Sierra milkwort,Polygala cornuta var. fishiae
Purple Milkwort,Polygala sanguinea
water knotweed,Polygonum amphibium
longroot smartweed,Polygonum amphibium var. emersum
oval-leaf knotweed,Polygonum arenastrum
silversheath knotweed,Polygonum argyrocoleon
swamp smartweed,Polygonum hydropiperoides
curlytop knotweed,Polygonum lapathifolium
California polypody,Polypodium californicum
Licorice fern,Polypodium glycyrrhiza
Chilean rabbitsfoot grass,Polypogon australis
ditch rabbitsfoot grass,Polypogon interruptus
annual rabbitsfoot grass,Polypogon monspeliensis
beardless rabbitsfoot grass,Polypogon viridis
balsam poplar,Populus balsamifera
black cottonwood,Populus balsamifera ssp. trichocarpa
Fremont cottonwood,Populus fremontii
slender poreleaf,Porophyllum gracile
yerba porosa,Porophyllum ruderale
yerba porosa,Porophyllum ruderale ssp. macrocephalum
little hogweed,Portulaca oleracea
curly pondweed,Potamogeton crispus
longleaf pondweed,Potamogeton nodosus
sticky cinquefoil,Potentilla glandulosa
sticky cinquefoil,Potentilla glandulosa ssp. glandulosa
velvet mesquite,Prosopis velutina
Apricot,Prunus armeniaca
Hall's Hardy Almond,Prunus dulcis
Catalina Cherry,Prunus ilicifolia
Hollyleaf Cherry,Prunus ilicifolia
Peach,Prunus persica
choke cherry,Prunus virginiana
two-color rabbit-tobacco,Pseudognaphalium biolettii
ladies' tobacco,Pseudognaphalium californicum
Wright's cudweed,Pseudognaphalium canescens
Wright's cudweed,Pseudognaphalium canescens ssp. beneolens
Wright's cudweed,Pseudognaphalium canescens ssp. microcephalum
white cudweed,Pseudognaphalium leucocephalum
Jersey cudweed,Pseudognaphalium luteoalbum
pink cudweed,Pseudognaphalium ramosissimum
cottonbatting plant,Pseudognaphalium stramineum
bigcone Douglas-fir,Pseudotsuga macrocarpa
Common Guava,Psidium Guajava
Winged Bean,Psophocarpus tetragonolobus
California hoptree,Ptelea crenulata
woodland pterostegia,Pterostegia drymarioides
Spanish false fleabane,Pulicaria paludosa
Pomegranate,Punica granatum
Mexican Cliffrose,Purshia mexicana
European Pear,Pyrus communis
Asian Pear,Pyrus pyrifolia
hybrid oak,Quercus acutidens
California live oak,Quercus agrifolia
canyon live oak,Quercus chrysolepis
coastal sage scrub oak,Quercus dumosa
coastal sage scrub oak,Quercus dumosa var. elegantula
Engelmann oak,Quercus engelmannii
holly oak,Quercus ilex
MacDonald oak,Quercus macdonaldii
interior live oak,Quercus wislizeni
interior live oak,Quercus wislizeni var. frutescens
California plumeseed,Rafinesquia californica
California buttercup,Ranunculus californicus
alkali buttercup,Ranunculus cymbalaria
delicate buttercup,Ranunculus hebecarpus
wild radish,Raphanus raphanistrum
cultivated radish,Raphanus sativus
coffee berry,Rhamnus californica
redberry buckthorn,Rhamnus crocea
hollyleaf redberry,Rhamnus ilicifolia
"Palm, Lady",Rhapis excelsa
Lemonade Sumac,Rhus integrifolia
sugar sumac,Rhus ovata
Poison Ivy,Rhus radicans
skunkbush sumac,Rhus trilobata
bitter gooseberry,Ribes amarum
hillside gooseberry,Ribes californicum
hillside gooseberry,Ribes californicum var. hesperium
whiteflower currant,Ribes indecorum
chaparral currant,Ribes malvaceum
chaparral currant,Ribes malvaceum var. viridifolium
Canyon Gooseberry,Ribes menziesii
Sierra gooseberry,Ribes roezlii
fuchsiaflower gooseberry,Ribes speciosum
castorbean,Ricinus communis
Black Locust,Robinia pseudoacacia
Coulter's Matilija poppy,Romneya coulteri
curvepod yellowcress,Rorippa curvisiliqua
bog yellowcress,Rorippa palustris
California wildrose,Rosa californica
Wood's Rose,Rosa woodsii
Rosemary,Rosemarinus officionalis
Blackcap Raspberry,Rubus occidentalis
California blackberry,Rubus ursinus
common sheep sorrel,Rumex acetosella
clustered dock,Rumex conglomeratus
curly dock,Rumex crispus
canaigre dock,Rumex hymenosepalus
golden dock,Rumex maritimus
willow dock,Rumex salicifolius
forest scurfpea,Rupertia physodes
spiral ditchgrass,Ruppia cirrhosa
widgeongrass,Ruppia maritima
"Rue, Herb-of-grace",Ruta graveolens
Sugarcane,Saccharum officinarum
valley arrowhead,Sagittaria sanfordii
Coulter's snapdragon,Sairocarpus coulterianus
violet snapdragon,Sairocarpus nuttallianus
lesser snapdragon,Sairocarpus pusillus
dwarf saltwort,Salicornia bigelovii
Virginia glasswort,Salicornia depressa
white willow,Salix alba
Bebb Willow,Salix bebbiana
Narrowleaf Willow,Salix exigua
narrowleaf willow,Salix exigua
Goodding's willow,Salix gooddingii
Red Willow,Salix laevigata
red willow,Salix laevigata
arroyo willow,Salix lasiolepis
shining willow,Salix lucida
Pacific willow,Salix lucida ssp. lasiandra
lily of the valley vine,Salpichroa origanifolia
prickly Russian thistle,Salsola tragus
sage,Salvia
white sage,Salvia apiana
chia,Salvia columbariae
San Luis Purple Sage,Salvia leucophylla
Black Sage,Salvia mellifera
Sage,Salvia officinalis
hummingbird sage,Salvia spathacea
kariba-weed,Salvinia molesta
American Elderberry,Sambucus canadensis
Adams Elderberry,Sambucus canadensis 'Adams'
Elderberrt,Sambucus mexicana
black elderberry,Sambucus nigra
American black elderberry,Sambucus nigra ssp. canadensis
seaside brookweed,Samolus valerandi
seaside brookweed,Samolus valerandi ssp. parviflorus
sharptooth blacksnakeroot,Sanicula arguta
poison sanicle,Sanicula bipinnata
purple sanicle,Sanicula bipinnatifida
Pacific blacksnakeroot,Sanicula crassicaulis
northern sanicle,Sanicula graveolens
turkey pea,Sanicula tuberosa
Snake Plant,Sansevieria trifasciata
shrubby yerba buena,Satureja chandleri
California saxifrage,Saxifraga californica
Queensland Umbrella Tree,Schefflera actinophylla
Peruvian peppertree,Schinus molle
common Mediterranean grass,Schismus barbatus
hardstem bulrush,Schoenoplectus acutus
tule,Schoenoplectus acutus var. occidentalis
chairmaker's bulrush,Schoenoplectus americanus
California bulrush,Schoenoplectus californicus
softstem bulrush,Schoenoplectus tabernaemontani
Prickly Caterpillar,Scorpiurus muricatus
California figwort,Scrophularia californica
California figwort,Scrophularia californica ssp. floribunda
Danny's skullcap,Scutellaria tuberosa
cereal rye,Secale cereale
Orange Stonecrop,Sedum kamtschaticum
bluish spikemoss,Selaginella asprella
bushy spikemoss,Selaginella bigelovii
chaparral ragwort,Senecio aphanactis
California ragwort,Senecio californicus
threadleaf ragwort,Senecio flaccidus
Douglas' ragwort,Senecio flaccidus var. douglasii
Fireweed groundsel,Senecio linearifolius
old-man-in-the-Spring,Senecio vulgaris
"Senna, Alexandrian",Senna alexandrina
silver senna,Senna artemisioides
verrucose seapurslane,Sesuvium verrucosum
Japanese bristlegrass,Setaria faberi
marsh bristlegrass,Setaria parviflora
African bristlegrass,Setaria sphacelata
hooked bristlegrass,Setaria verticillata
Zigzag Bamboo,Shibataea chinensis
salt spring checkerbloom,Sidalcea neomexicana
Thurber's checkerbloom,Sidalcea neomexicana ssp. thurberi
sleepy silene,Silene antirrhina
common catchfly,Silene gallica
cardinal catchfly,Silene laciniata
cardinal catchfly,Silene laciniata ssp. major
San Francisco campion,Silene verecunda
San Francisco campion,Silene verecunda ssp. platyota
maidenstears,Silene vulgaris
blessed milkthistle,Silybum marianum
charlock mustard,Sinapis arvensis
tall tumblemustard,Sisymbrium altissimum
London rocket,Sisymbrium irio
Indian hedgemustard,Sisymbrium orientale
western blue-eyed grass,Sisyrinchium bellum
American black nightshade,Solanum americanum
greenspot nightshade,Solanum douglasii
silverleaf nightshade,Solanum elaeagnifolium
orangeberry nightshade,Solanum lanceolatum
black nightshade,Solanum nigrum
Parish's nightshade,Solanum parishii
hoe nightshade,Solanum physalifolium
buffalobur nightshade,Solanum rostratum
bluewitch nightshade,Solanum umbelliferum
bluewitch,Solanum umbelliferum var. glabrescens
chaparral nightshade,Solanum xanti
chaparral nightshade,Solanum xanti var. intermedium
California goldenrod,Solidago californica
Nevada goldenrod,Solidago spectabilis
Nevada goldenrod,Solidago spectabilis var. confinis
field burrweed,Soliva sessilis
bluebell creeper,Sollya heterophylla
field sowthistle,Sonchus arvensis
spiny sowthistle,Sonchus asper
common sowthistle,Sonchus oleraceus
slender sowthistle,Sonchus tenerrimus
Ku Shen,Sophora flavescens
Western mountain ash,Sorbus scopulina
Johnsongrass,Sorghum halepense
California cordgrass,Spartina foliosa
Spanish Broom,Spartium junceum
sticky sandspurry,Spergularia macrotheca
salt sandspurry,Spergularia salina
hairy sandspurry,Spergularia villosa
desert globemallow,Sphaeralcea ambigua
alkali sacaton,Sporobolus airoides
bugle hedgenettle,Stachys ajugoides
Lambs Ears,Stachys byzantina
rough hedgenettle,Stachys rigida
rough hedgenettle,Stachys rigida var. quercetorum
common chickweed,Stellaria media
St. Augustine grass,Stenotaphrum secundatum
chicoryleaf wirelettuce,Stephanomeria cichoriacea
San Diego wirelettuce,Stephanomeria diegensis
small wirelettuce,Stephanomeria exigua
whiteplume wirelettuce,Stephanomeria exigua ssp. coronaria
wand wirelettuce,Stephanomeria virgata ssp. pleurocarpa
rod wirelettuce,Stephanomeria virgata ssp. virgata
queen's-root,Stillingia linearifolia
sago pondweed,Stuckenia pectinata
drug snowbell,Styrax redivivus
Pursh seepweed,Suaeda calceoliformis
seablite,Suaeda esteroa
Mojave seablite,Suaeda moquinii
woolly seablite,Suaeda taxifolia
"Mahogany, Big Leaf",Swietana macrophylla
"Palm, Queen",Syagrus romanzoffiana
creeping snowberry,Symphoricarpos mollis
western aster,Symphyotrichum ascendens
San Bernardino aster,Symphyotrichum defoliatum
white panicle aster,Symphyotrichum lanceolatum
white panicle aster,Symphyotrichum lanceolatum ssp. hesperium
white panicle aster,Symphyotrichum lanceolatum ssp. hesperium var. hesperium
Arrowhead Vine,Syngonium podophyllum
Tamarind,Tamarindus indica
five-stamen tamarisk,Tamarix chinensis
feverfew,Tanacetum parthenium
common dandelion,Taraxacum officinale
southern umbrellawort,Tauschia arguta
Parish's umbrellawort,Tauschia parishii
red shrubby-spurge,Tetracoccus dioicus
hairy horsebrush,Tetradymia comosa
New Zealand Spinach,Tetragonia tetragonioides
Fendler's meadow-rue,Thalictrum fendleri
Fendler's meadow-rue,Thalictrum fendleri var. polycarpum
Hopi tea greenthread,Thelesperma megapotamicum
mountain fringepod,Thysanocarpus laciniatus
Mexican Sunflower,Tithonia diversifolia
Pacific poison oak,Toxicodendron diversilobum
salsify,Tragopogon porrifolius
puncturevine,Tribulus terrestris
Woolly Bluecurls,Trichostema lanatum
vinegarweed,Trichostema lanceolatum
Parish's bluecurls,Trichostema parishii
rancheria clover,Trifolium albopurpureum
foothill clover,Trifolium ciliolatum
cowbag clover,Trifolium depauperatum
balloon sack clover,Trifolium depauperatum var. stenophyllum
bull clover,Trifolium fucatum
Chilean clover,Trifolium macraei
smallhead clover,Trifolium microcephalum
thimble clover,Trifolium microdon
clammy clover,Trifolium obtusiflorum
white clover,Trifolium repens
tomcat clover,Trifolium willdenovii
cows clover,Trifolium wormskioldii
slender arrowgrass,Triglochin concinna
seaside arrowgrass,Triglochin maritima
Winter Wheat,Triticum aestivum
American threefold,Trixis californica
nasturtium,Tropaeolum majus
narrowleaf cattail,Typha angustifolia
southern cattail,Typha domingensis
broadleaf cattail,Typha latifolia
Chilean Guava or Strawberry Myrtle,Ugni molinae
California laurel,Umbellularia californica
stinging nettle,Urtica dioica
stinging nettle,Urtica dioica ssp. holosericea
dwarf nettle,Urtica urens
American eelgrass,Vallisneria americana
canyon sunflower,Venegasia carpesioides
common mullein,Verbascum thapsus
bigbract verbena,Verbena bracteata
western vervain,Verbena lasiostachys
mint vervain,Verbena menthifolia
sandpaper vervain,Verbena scabra
bigleaf crownbeard,Verbesina dissita
water speedwell,Veronica anagallis-aquatica
neckweed,Veronica peregrina
hairy purslane speedwell,Veronica peregrina ssp. xalapensis
American vetch,Vicia americana
purple vetch,Vicia benghalensis
bird vetch,Vicia cracca ssp. cracca
torhleaf goldeneye,Viguiera laciniata
Parish's goldeneye,Viguiera parishii
bigleaf periwinkle,Vinca major
Johnny-jump-up,Viola pedunculata
Downy Yellow Violet,Viola pubescens
goosefoot violet,Viola purpurea
goosefoot violet,Viola purpurea ssp. quercetorum
Shelton's violet,Viola sheltonii
desert wild grape,Vitis girdiana
Grape,Vitis vinifera
annual fescue,Vulpia myuros
California fan palm,Washingtonia filifera
tongueshape bogmat,Wolffiella lingulata
spiny cocklebur,Xanthium spinosum
rough cocklebur,Xanthium strumarium
Canada cocklebur,Xanthium strumarium var. canadense
Yellowhorn,Xanthoceras sorbifolium
false carrot,Yabea microcarpa
Yucca (banana yucca),Yucca baccata
horned pondweed,Zannichellia palustris
Fremont's deathcamas,Zigadenus fremontii
Jujube,Ziziphus jujuba
Parry's jujube,Ziziphus parryi
seawrack,Zostera marina